Run,Assay Type,AvgSpotLen,Bases,BioProject,BioSample,BREED,Bytes,Center Name,common_name,Consent,DATASTORE filetype,DATASTORE provider,DATASTORE region,ENA-FIRST-PUBLIC (run),ENA-FIRST-PUBLIC,ENA-LAST-UPDATE (run),ENA-LAST-UPDATE,Experiment,external_id,INSDC_center_alias,INSDC_center_name,INSDC_first_public,INSDC_last_update,INSDC_status,Instrument,Library Name,LibraryLayout,LibrarySelection,LibrarySource,Organism,Platform,ReleaseDate,create_date,version,Sample Name,Sample_name,Scientific_Name,sex,SRA Study,sub_species,Submitter_Id,tissue_type
ERR10821800,WGS,300,179972229900,PRJEB59274,SAMEA112368572,Labrador Retriever,59378485193,"ROSLIN INSTITUTE, UNIVERSITY OF EDINBURGH",dog,public,"sra,fastq","ncbi,s3,gs","ncbi.public,gs.us-east1,s3.us-east-1",2023-02-23,2023-02-23,2023-02-23,2023-02-23,ERX10267320,SAMEA112368572,"ROSLIN INSTITUTE\, UNIVERSITY OF EDINBURGH","ROSLIN INSTITUTE\, UNIVERSITY OF EDINBURGH",2023-02-23T20:36:08Z,2023-02-23T20:36:08Z,public,Illumina NovaSeq 6000,EDSW200020868-1a,PAIRED,RANDOM,GENOMIC,Canis lupus familiaris,ILLUMINA,2023-02-25T00:00:00Z,2023-03-03T07:27:00Z,1,SAMEA112368572,ROS.gDNA.SID07216,Canis lupus familiaris,male,ERP144336,familiaris,ROS.gDNA.SID07216,saliva
ERR10821801,WGS,300,186465546000,PRJEB59274,SAMEA112368573,Labrador Retriever,60550594467,"ROSLIN INSTITUTE, UNIVERSITY OF EDINBURGH",dog,public,"sra,fastq","gs,ncbi,s3","s3.us-east-1,ncbi.public,gs.us-east1",2023-02-23,2023-02-23,2023-02-23,2023-02-23,ERX10267321,SAMEA112368573,"ROSLIN INSTITUTE\, UNIVERSITY OF EDINBURGH","ROSLIN INSTITUTE\, UNIVERSITY OF EDINBURGH",2023-02-23T20:36:08Z,2023-02-23T20:36:08Z,public,Illumina NovaSeq 6000,EDSW200020869-1a,PAIRED,RANDOM,GENOMIC,Canis lupus familiaris,ILLUMINA,2023-02-25T00:00:00Z,2023-03-03T08:12:00Z,1,SAMEA112368573,ROS.gDNA.SID07217,Canis lupus familiaris,male,ERP144336,familiaris,ROS.gDNA.SID07217,saliva
ERR10821802,WGS,300,198403357200,PRJEB59274,SAMEA112368574,Labrador Retriever,64860837183,"ROSLIN INSTITUTE, UNIVERSITY OF EDINBURGH",dog,public,"sra,fastq","gs,s3,ncbi","s3.us-east-1,gs.us-east1,ncbi.public",2023-02-23,2023-02-23,2023-02-23,2023-02-23,ERX10267322,SAMEA112368574,"ROSLIN INSTITUTE\, UNIVERSITY OF EDINBURGH","ROSLIN INSTITUTE\, UNIVERSITY OF EDINBURGH",2023-02-23T20:36:08Z,2023-02-23T20:36:08Z,public,Illumina NovaSeq 6000,EDSW200020870-1a,PAIRED,RANDOM,GENOMIC,Canis lupus familiaris,ILLUMINA,2023-02-25T00:00:00Z,2023-03-03T08:21:00Z,1,SAMEA112368574,ROS.gDNA.SID07219,Canis lupus familiaris,male,ERP144336,familiaris,ROS.gDNA.SID07219,saliva
ERR10821803,WGS,300,160682103000,PRJEB59274,SAMEA112368575,Labrador Retriever,52098946973,"ROSLIN INSTITUTE, UNIVERSITY OF EDINBURGH",dog,public,"sra,fastq","ncbi,gs,s3","gs.us-east1,ncbi.public,s3.us-east-1",2023-02-23,2023-02-23,2023-02-23,2023-02-23,ERX10267323,SAMEA112368575,"ROSLIN INSTITUTE\, UNIVERSITY OF EDINBURGH","ROSLIN INSTITUTE\, UNIVERSITY OF EDINBURGH",2023-02-23T20:36:08Z,2023-02-23T20:36:08Z,public,Illumina NovaSeq 6000,EDSW200020871-1a,PAIRED,RANDOM,GENOMIC,Canis lupus familiaris,ILLUMINA,2023-02-25T00:00:00Z,2023-03-03T08:12:00Z,1,SAMEA112368575,ROS.gDNA.SID07222,Canis lupus familiaris,female,ERP144336,familiaris,ROS.gDNA.SID07222,saliva
ERR10821804,WGS,300,171488363700,PRJEB59274,SAMEA112368586,Labrador Retriever,42877681244,"ROSLIN INSTITUTE, UNIVERSITY OF EDINBURGH",dog,public,"sra,fastq,run.zq","ncbi,s3,gs","ncbi.public,s3.us-east-1,gs.us-east1",2023-02-23,2023-02-23,2023-02-23,2023-02-23,ERX10267324,SAMEA112368586,"ROSLIN INSTITUTE\, UNIVERSITY OF EDINBURGH","ROSLIN INSTITUTE\, UNIVERSITY OF EDINBURGH",2023-02-23T20:36:08Z,2023-02-23T20:36:08Z,public,Illumina NovaSeq 6000,EDSW200020883-1a,PAIRED,RANDOM,GENOMIC,Canis lupus familiaris,ILLUMINA,2023-02-25T00:00:00Z,2023-02-25T17:24:00Z,1,SAMEA112368586,ROS.gDNA.SID07235,Canis lupus familiaris,male,ERP144336,familiaris,ROS.gDNA.SID07235,saliva
ERR10821805,WGS,300,160795564200,PRJEB59274,SAMEA112368587,Labrador Retriever,53010540408,"ROSLIN INSTITUTE, UNIVERSITY OF EDINBURGH",dog,public,"fastq,sra","ncbi,s3,gs","gs.us-east1,s3.us-east-1,ncbi.public",2023-02-23,2023-02-23,2023-02-23,2023-02-23,ERX10267325,SAMEA112368587,"ROSLIN INSTITUTE\, UNIVERSITY OF EDINBURGH","ROSLIN INSTITUTE\, UNIVERSITY OF EDINBURGH",2023-02-23T20:36:08Z,2023-02-23T20:36:08Z,public,Illumina NovaSeq 6000,EDSW200020884-1a,PAIRED,RANDOM,GENOMIC,Canis lupus familiaris,ILLUMINA,2023-02-25T00:00:00Z,2023-03-03T07:53:00Z,1,SAMEA112368587,ROS.gDNA.SID07236,Canis lupus familiaris,male,ERP144336,familiaris,ROS.gDNA.SID07236,saliva
ERR10821806,WGS,300,187279348500,PRJEB59274,SAMEA112368588,Labrador Retriever,61516675450,"ROSLIN INSTITUTE, UNIVERSITY OF EDINBURGH",dog,public,"sra,fastq","s3,gs,ncbi","s3.us-east-1,ncbi.public,gs.us-east1",2023-02-23,2023-02-23,2023-02-23,2023-02-23,ERX10267326,SAMEA112368588,"ROSLIN INSTITUTE\, UNIVERSITY OF EDINBURGH","ROSLIN INSTITUTE\, UNIVERSITY OF EDINBURGH",2023-02-23T20:36:08Z,2023-02-23T20:36:08Z,public,Illumina NovaSeq 6000,EDSW200020885-1a,PAIRED,RANDOM,GENOMIC,Canis lupus familiaris,ILLUMINA,2023-02-25T00:00:00Z,2023-03-03T07:25:00Z,1,SAMEA112368588,ROS.gDNA.SID07237,Canis lupus familiaris,female,ERP144336,familiaris,ROS.gDNA.SID07237,saliva
ERR10821807,WGS,300,196175325600,PRJEB59274,SAMEA112368589,Labrador Retriever,64766632349,"ROSLIN INSTITUTE, UNIVERSITY OF EDINBURGH",dog,public,"fastq,sra","ncbi,s3,gs","s3.us-east-1,ncbi.public,gs.us-east1",2023-02-23,2023-02-23,2023-02-23,2023-02-23,ERX10267327,SAMEA112368589,"ROSLIN INSTITUTE\, UNIVERSITY OF EDINBURGH","ROSLIN INSTITUTE\, UNIVERSITY OF EDINBURGH",2023-02-23T20:36:08Z,2023-02-23T20:36:08Z,public,Illumina NovaSeq 6000,EDSW200020886-1a,PAIRED,RANDOM,GENOMIC,Canis lupus familiaris,ILLUMINA,2023-02-25T00:00:00Z,2023-03-03T07:30:00Z,1,SAMEA112368589,ROS.gDNA.SID07238,Canis lupus familiaris,male,ERP144336,familiaris,ROS.gDNA.SID07238,saliva
ERR10821808,WGS,300,186630508200,PRJEB59274,SAMEA112368576,Labrador Retriever,60260904405,"ROSLIN INSTITUTE, UNIVERSITY OF EDINBURGH",dog,public,"sra,fastq","gs,s3,ncbi","gs.us-east1,s3.us-east-1,ncbi.public",2023-02-23,2023-02-23,2023-02-23,2023-02-23,ERX10267328,SAMEA112368576,"ROSLIN INSTITUTE\, UNIVERSITY OF EDINBURGH","ROSLIN INSTITUTE\, UNIVERSITY OF EDINBURGH",2023-02-23T20:36:08Z,2023-02-23T20:36:08Z,public,Illumina NovaSeq 6000,EDSW200020872-1a,PAIRED,RANDOM,GENOMIC,Canis lupus familiaris,ILLUMINA,2023-02-25T00:00:00Z,2023-03-03T08:04:00Z,1,SAMEA112368576,ROS.gDNA.SID07224,Canis lupus familiaris,female,ERP144336,familiaris,ROS.gDNA.SID07224,saliva
ERR10821809,WGS,300,143436517200,PRJEB59274,SAMEA112368577,Labrador Retriever,46532434581,"ROSLIN INSTITUTE, UNIVERSITY OF EDINBURGH",dog,public,"fastq,sra","gs,s3,ncbi","ncbi.public,gs.us-east1,s3.us-east-1",2023-02-23,2023-02-23,2023-02-23,2023-02-23,ERX10267329,SAMEA112368577,"ROSLIN INSTITUTE\, UNIVERSITY OF EDINBURGH","ROSLIN INSTITUTE\, UNIVERSITY OF EDINBURGH",2023-02-23T20:36:08Z,2023-02-23T20:36:08Z,public,Illumina NovaSeq 6000,EDSW200020873-1a,PAIRED,RANDOM,GENOMIC,Canis lupus familiaris,ILLUMINA,2023-02-25T00:00:00Z,2023-03-03T08:17:00Z,1,SAMEA112368577,ROS.gDNA.SID07225,Canis lupus familiaris,female,ERP144336,familiaris,ROS.gDNA.SID07225,saliva
ERR10821810,WGS,300,1392913800,PRJEB59274,SAMEA112368577,Labrador Retriever,450919756,"ROSLIN INSTITUTE, UNIVERSITY OF EDINBURGH",dog,public,"fastq,sra,run.zq","gs,ncbi,s3","ncbi.public,gs.us-east1,s3.us-east-1",2023-02-23,2023-02-23,2023-02-23,2023-02-23,ERX10267330,SAMEA112368577,"ROSLIN INSTITUTE\, UNIVERSITY OF EDINBURGH","ROSLIN INSTITUTE\, UNIVERSITY OF EDINBURGH",2023-02-23T20:36:08Z,2023-02-23T20:36:08Z,public,Illumina NovaSeq 6000,EDSW200020873-1a,PAIRED,RANDOM,GENOMIC,Canis lupus familiaris,ILLUMINA,2023-02-25T00:00:00Z,2023-02-25T11:51:00Z,1,SAMEA112368577,ROS.gDNA.SID07225,Canis lupus familiaris,female,ERP144336,familiaris,ROS.gDNA.SID07225,saliva
ERR10821811,WGS,300,185582321100,PRJEB59274,SAMEA112368578,Labrador Retriever,60030016541,"ROSLIN INSTITUTE, UNIVERSITY OF EDINBURGH",dog,public,"fastq,sra","gs,ncbi,s3","s3.us-east-1,ncbi.public,gs.us-east1",2023-02-23,2023-02-23,2023-02-23,2023-02-23,ERX10267331,SAMEA112368578,"ROSLIN INSTITUTE\, UNIVERSITY OF EDINBURGH","ROSLIN INSTITUTE\, UNIVERSITY OF EDINBURGH",2023-02-23T20:36:08Z,2023-02-23T20:36:08Z,public,Illumina NovaSeq 6000,EDSW200020874-1a,PAIRED,RANDOM,GENOMIC,Canis lupus familiaris,ILLUMINA,2023-02-25T00:00:00Z,2023-03-03T08:20:00Z,1,SAMEA112368578,ROS.gDNA.SID07226,Canis lupus familiaris,male,ERP144336,familiaris,ROS.gDNA.SID07226,saliva
ERR10821812,WGS,300,171411778500,PRJEB59274,SAMEA112368584,Labrador Retriever,55325664358,"ROSLIN INSTITUTE, UNIVERSITY OF EDINBURGH",dog,public,"fastq,sra","s3,ncbi,gs","gs.us-east1,ncbi.public,s3.us-east-1",2023-02-23,2023-02-23,2023-02-23,2023-02-23,ERX10267332,SAMEA112368584,"ROSLIN INSTITUTE\, UNIVERSITY OF EDINBURGH","ROSLIN INSTITUTE\, UNIVERSITY OF EDINBURGH",2023-02-23T20:36:08Z,2023-02-23T20:36:08Z,public,Illumina NovaSeq 6000,EDSW200020881-1a,PAIRED,RANDOM,GENOMIC,Canis lupus familiaris,ILLUMINA,2023-02-25T00:00:00Z,2023-02-26T05:39:00Z,1,SAMEA112368584,ROS.gDNA.SID07233,Canis lupus familiaris,male,ERP144336,familiaris,ROS.gDNA.SID07233,saliva
ERR10821813,WGS,300,162481328100,PRJEB59274,SAMEA112368585,Labrador Retriever,53135053652,"ROSLIN INSTITUTE, UNIVERSITY OF EDINBURGH",dog,public,"fastq,sra","s3,ncbi,gs","gs.us-east1,s3.us-east-1,ncbi.public",2023-02-23,2023-02-23,2023-02-23,2023-02-23,ERX10267333,SAMEA112368585,"ROSLIN INSTITUTE\, UNIVERSITY OF EDINBURGH","ROSLIN INSTITUTE\, UNIVERSITY OF EDINBURGH",2023-02-23T20:36:08Z,2023-02-23T20:36:08Z,public,Illumina NovaSeq 6000,EDSW200020882-1a,PAIRED,RANDOM,GENOMIC,Canis lupus familiaris,ILLUMINA,2023-02-25T00:00:00Z,2023-03-03T07:21:00Z,1,SAMEA112368585,ROS.gDNA.SID07234,Canis lupus familiaris,female,ERP144336,familiaris,ROS.gDNA.SID07234,saliva
ERR10821814,WGS,300,189128546700,PRJEB59274,SAMEA112368568,Labrador Retriever,61709536249,"ROSLIN INSTITUTE, UNIVERSITY OF EDINBURGH",dog,public,"sra,fastq","s3,gs,ncbi","s3.us-east-1,gs.us-east1,ncbi.public",2023-02-23,2023-02-23,2023-02-23,2023-02-23,ERX10267334,SAMEA112368568,"ROSLIN INSTITUTE\, UNIVERSITY OF EDINBURGH","ROSLIN INSTITUTE\, UNIVERSITY OF EDINBURGH",2023-02-23T20:36:08Z,2023-02-23T20:36:08Z,public,Illumina NovaSeq 6000,EDSW200020863-1a,PAIRED,RANDOM,GENOMIC,Canis lupus familiaris,ILLUMINA,2023-02-25T00:00:00Z,2023-03-03T08:44:00Z,1,SAMEA112368568,ROS.gDNA.SID07211,Canis lupus familiaris,female,ERP144336,familiaris,ROS.gDNA.SID07211,saliva
ERR10821815,WGS,300,156040619400,PRJEB59274,SAMEA112368569,Labrador Retriever,50964826812,"ROSLIN INSTITUTE, UNIVERSITY OF EDINBURGH",dog,public,"sra,fastq","s3,ncbi,gs","s3.us-east-1,gs.us-east1,ncbi.public",2023-02-23,2023-02-23,2023-02-23,2023-02-23,ERX10267335,SAMEA112368569,"ROSLIN INSTITUTE\, UNIVERSITY OF EDINBURGH","ROSLIN INSTITUTE\, UNIVERSITY OF EDINBURGH",2023-02-23T20:36:08Z,2023-02-23T20:36:08Z,public,Illumina NovaSeq 6000,EDSW200020864-1a,PAIRED,RANDOM,GENOMIC,Canis lupus familiaris,ILLUMINA,2023-02-25T00:00:00Z,2023-03-03T07:28:00Z,1,SAMEA112368569,ROS.gDNA.SID07212,Canis lupus familiaris,male,ERP144336,familiaris,ROS.gDNA.SID07212,saliva
ERR10821816,WGS,300,170615406900,PRJEB59274,SAMEA112368570,Labrador Retriever,54962159653,"ROSLIN INSTITUTE, UNIVERSITY OF EDINBURGH",dog,public,"fastq,sra","ncbi,s3,gs","ncbi.public,gs.us-east1,s3.us-east-1",2023-02-23,2023-02-23,2023-02-23,2023-02-23,ERX10267336,SAMEA112368570,"ROSLIN INSTITUTE\, UNIVERSITY OF EDINBURGH","ROSLIN INSTITUTE\, UNIVERSITY OF EDINBURGH",2023-02-23T20:36:08Z,2023-02-23T20:36:08Z,public,Illumina NovaSeq 6000,EDSW200020865-1a,PAIRED,RANDOM,GENOMIC,Canis lupus familiaris,ILLUMINA,2023-02-25T00:00:00Z,2023-02-26T05:40:00Z,1,SAMEA112368570,ROS.gDNA.SID07213,Canis lupus familiaris,male,ERP144336,familiaris,ROS.gDNA.SID07213,saliva
ERR10821817,WGS,300,162671326200,PRJEB59274,SAMEA112368571,Labrador Retriever,53172491299,"ROSLIN INSTITUTE, UNIVERSITY OF EDINBURGH",dog,public,"fastq,sra","gs,ncbi,s3","ncbi.public,gs.us-east1,s3.us-east-1",2023-02-23,2023-02-23,2023-02-23,2023-02-23,ERX10267337,SAMEA112368571,"ROSLIN INSTITUTE\, UNIVERSITY OF EDINBURGH","ROSLIN INSTITUTE\, UNIVERSITY OF EDINBURGH",2023-02-23T20:36:08Z,2023-02-23T20:36:08Z,public,Illumina NovaSeq 6000,EDSW200020867-1a,PAIRED,RANDOM,GENOMIC,Canis lupus familiaris,ILLUMINA,2023-02-25T00:00:00Z,2023-03-03T07:38:00Z,1,SAMEA112368571,ROS.gDNA.SID07215,Canis lupus familiaris,female,ERP144336,familiaris,ROS.gDNA.SID07215,saliva
ERR10821818,WGS,300,172316301600,PRJEB59274,SAMEA112368579,Labrador Retriever,56511317951,"ROSLIN INSTITUTE, UNIVERSITY OF EDINBURGH",dog,public,"fastq,sra","ncbi,gs,s3","s3.us-east-1,gs.us-east1,ncbi.public",2023-02-23,2023-02-23,2023-02-23,2023-02-23,ERX10267338,SAMEA112368579,"ROSLIN INSTITUTE\, UNIVERSITY OF EDINBURGH","ROSLIN INSTITUTE\, UNIVERSITY OF EDINBURGH",2023-02-23T20:36:08Z,2023-02-23T20:36:08Z,public,Illumina NovaSeq 6000,EDSW200020875-1a,PAIRED,RANDOM,GENOMIC,Canis lupus familiaris,ILLUMINA,2023-02-25T00:00:00Z,2023-03-03T07:51:00Z,1,SAMEA112368579,ROS.gDNA.SID07227,Canis lupus familiaris,female,ERP144336,familiaris,ROS.gDNA.SID07227,saliva
ERR10821819,WGS,300,150930631800,PRJEB59274,SAMEA112368580,Labrador Retriever,49669536477,"ROSLIN INSTITUTE, UNIVERSITY OF EDINBURGH",dog,public,"sra,fastq","s3,gs,ncbi","s3.us-east-1,gs.us-east1,ncbi.public",2023-02-23,2023-02-23,2023-02-23,2023-02-23,ERX10267339,SAMEA112368580,"ROSLIN INSTITUTE\, UNIVERSITY OF EDINBURGH","ROSLIN INSTITUTE\, UNIVERSITY OF EDINBURGH",2023-02-23T20:36:08Z,2023-02-23T20:36:08Z,public,Illumina NovaSeq 6000,EDSW200020877-1a,PAIRED,RANDOM,GENOMIC,Canis lupus familiaris,ILLUMINA,2023-02-25T00:00:00Z,2023-02-26T05:56:00Z,1,SAMEA112368580,ROS.gDNA.SID07229,Canis lupus familiaris,male,ERP144336,familiaris,ROS.gDNA.SID07229,saliva
ERR10821820,WGS,300,161312781000,PRJEB59274,SAMEA112368581,Labrador Retriever,52772945376,"ROSLIN INSTITUTE, UNIVERSITY OF EDINBURGH",dog,public,"fastq,sra","s3,gs,ncbi","ncbi.public,s3.us-east-1,gs.us-east1",2023-02-23,2023-02-23,2023-02-23,2023-02-23,ERX10267340,SAMEA112368581,"ROSLIN INSTITUTE\, UNIVERSITY OF EDINBURGH","ROSLIN INSTITUTE\, UNIVERSITY OF EDINBURGH",2023-02-23T20:36:08Z,2023-02-23T20:36:08Z,public,Illumina NovaSeq 6000,EDSW200020878-1a,PAIRED,RANDOM,GENOMIC,Canis lupus familiaris,ILLUMINA,2023-02-25T00:00:00Z,2023-03-03T09:14:00Z,1,SAMEA112368581,ROS.gDNA.SID07230,Canis lupus familiaris,male,ERP144336,familiaris,ROS.gDNA.SID07230,saliva
ERR10821821,WGS,300,172261572900,PRJEB59274,SAMEA112368582,Labrador Retriever,55692798968,"ROSLIN INSTITUTE, UNIVERSITY OF EDINBURGH",dog,public,"fastq,sra","gs,ncbi,s3","s3.us-east-1,ncbi.public,gs.us-east1",2023-02-23,2023-02-23,2023-02-23,2023-02-23,ERX10267341,SAMEA112368582,"ROSLIN INSTITUTE\, UNIVERSITY OF EDINBURGH","ROSLIN INSTITUTE\, UNIVERSITY OF EDINBURGH",2023-02-23T20:36:08Z,2023-02-23T20:36:08Z,public,Illumina NovaSeq 6000,EDSW200020879-1a,PAIRED,RANDOM,GENOMIC,Canis lupus familiaris,ILLUMINA,2023-02-25T00:00:00Z,2023-03-03T07:51:00Z,1,SAMEA112368582,ROS.gDNA.SID07231,Canis lupus familiaris,male,ERP144336,familiaris,ROS.gDNA.SID07231,saliva
ERR10821822,WGS,300,168409641900,PRJEB59274,SAMEA112368583,Labrador Retriever,53831249405,"ROSLIN INSTITUTE, UNIVERSITY OF EDINBURGH",dog,public,"fastq,sra","s3,ncbi,gs","gs.us-east1,s3.us-east-1,ncbi.public",2023-02-23,2023-02-23,2023-02-23,2023-02-23,ERX10267342,SAMEA112368583,"ROSLIN INSTITUTE\, UNIVERSITY OF EDINBURGH","ROSLIN INSTITUTE\, UNIVERSITY OF EDINBURGH",2023-02-23T20:36:08Z,2023-02-23T20:36:08Z,public,Illumina NovaSeq 6000,EDSW200020880-1a,PAIRED,RANDOM,GENOMIC,Canis lupus familiaris,ILLUMINA,2023-02-25T00:00:00Z,2023-03-03T08:47:00Z,1,SAMEA112368583,ROS.gDNA.SID07232,Canis lupus familiaris,female,ERP144336,familiaris,ROS.gDNA.SID07232,saliva
ERR10821823,WGS,300,163775408100,PRJEB59274,SAMEA112368590,Labrador Retriever,55523308187,"ROSLIN INSTITUTE, UNIVERSITY OF EDINBURGH",dog,public,"fastq,sra","gs,s3,ncbi","gs.us-east1,s3.us-east-1,ncbi.public",2023-02-23,2023-02-23,2023-02-23,2023-02-23,ERX10267343,SAMEA112368590,"ROSLIN INSTITUTE\, UNIVERSITY OF EDINBURGH","ROSLIN INSTITUTE\, UNIVERSITY OF EDINBURGH",2023-02-23T20:36:08Z,2023-02-23T20:36:08Z,public,Illumina NovaSeq 6000,EDSW210000957-1a,PAIRED,RANDOM,GENOMIC,Canis lupus familiaris,ILLUMINA,2023-02-25T00:00:00Z,2023-03-03T06:44:00Z,1,SAMEA112368590,ROS.gDNA.SID07239,Canis lupus familiaris,female,ERP144336,familiaris,ROS.gDNA.SID07239,saliva
ERR10821824,WGS,300,154800351000,PRJEB59274,SAMEA112368597,Labrador Retriever,51785887365,"ROSLIN INSTITUTE, UNIVERSITY OF EDINBURGH",dog,public,"fastq,sra","gs,s3,ncbi","s3.us-east-1,gs.us-east1,ncbi.public",2023-02-23,2023-02-23,2023-02-23,2023-02-23,ERX10267344,SAMEA112368597,"ROSLIN INSTITUTE\, UNIVERSITY OF EDINBURGH","ROSLIN INSTITUTE\, UNIVERSITY OF EDINBURGH",2023-02-23T20:36:08Z,2023-02-23T20:36:08Z,public,Illumina NovaSeq 6000,EDSW210000964-1a,PAIRED,RANDOM,GENOMIC,Canis lupus familiaris,ILLUMINA,2023-02-25T00:00:00Z,2023-03-03T05:25:00Z,1,SAMEA112368597,ROS.gDNA.SID07246,Canis lupus familiaris,male,ERP144336,familiaris,ROS.gDNA.SID07246,saliva
ERR10821825,WGS,300,1820089500,PRJEB59274,SAMEA112368591,Labrador Retriever,573367062,"ROSLIN INSTITUTE, UNIVERSITY OF EDINBURGH",dog,public,"fastq,run.zq,sra","gs,s3,ncbi","ncbi.public,s3.us-east-1,gs.us-east1",2023-02-23,2023-02-23,2023-02-23,2023-02-23,ERX10267345,SAMEA112368591,"ROSLIN INSTITUTE\, UNIVERSITY OF EDINBURGH","ROSLIN INSTITUTE\, UNIVERSITY OF EDINBURGH",2023-02-23T20:36:08Z,2023-02-23T20:36:08Z,public,Illumina NovaSeq 6000,EDSW210000958-1a,PAIRED,RANDOM,GENOMIC,Canis lupus familiaris,ILLUMINA,2023-02-25T00:00:00Z,2023-02-25T12:49:00Z,1,SAMEA112368591,ROS.gDNA.SID07240,Canis lupus familiaris,male,ERP144336,familiaris,ROS.gDNA.SID07240,saliva
ERR10821826,WGS,300,142686015900,PRJEB59274,SAMEA112368591,Labrador Retriever,47508390801,"ROSLIN INSTITUTE, UNIVERSITY OF EDINBURGH",dog,public,"sra,fastq","gs,ncbi,s3","s3.us-east-1,gs.us-east1,ncbi.public",2023-02-23,2023-02-23,2023-02-23,2023-02-23,ERX10267346,SAMEA112368591,"ROSLIN INSTITUTE\, UNIVERSITY OF EDINBURGH","ROSLIN INSTITUTE\, UNIVERSITY OF EDINBURGH",2023-02-23T20:36:08Z,2023-02-23T20:36:08Z,public,Illumina NovaSeq 6000,EDSW210000958-1a,PAIRED,RANDOM,GENOMIC,Canis lupus familiaris,ILLUMINA,2023-02-25T00:00:00Z,2023-03-03T07:42:00Z,1,SAMEA112368591,ROS.gDNA.SID07240,Canis lupus familiaris,male,ERP144336,familiaris,ROS.gDNA.SID07240,saliva
ERR10821827,WGS,300,189450681300,PRJEB59274,SAMEA112368592,Labrador Retriever,63564627642,"ROSLIN INSTITUTE, UNIVERSITY OF EDINBURGH",dog,public,"sra,fastq","gs,ncbi,s3","s3.us-east-1,gs.us-east1,ncbi.public",2023-02-23,2023-02-23,2023-02-23,2023-02-23,ERX10267347,SAMEA112368592,"ROSLIN INSTITUTE\, UNIVERSITY OF EDINBURGH","ROSLIN INSTITUTE\, UNIVERSITY OF EDINBURGH",2023-02-23T20:36:08Z,2023-02-23T20:36:08Z,public,Illumina NovaSeq 6000,EDSW210000959-1a,PAIRED,RANDOM,GENOMIC,Canis lupus familiaris,ILLUMINA,2023-02-25T00:00:00Z,2023-03-03T07:27:00Z,1,SAMEA112368592,ROS.gDNA.SID07241,Canis lupus familiaris,male,ERP144336,familiaris,ROS.gDNA.SID07241,saliva
ERR10821828,WGS,300,192434506800,PRJEB59274,SAMEA112368593,Labrador Retriever,66679435333,"ROSLIN INSTITUTE, UNIVERSITY OF EDINBURGH",dog,public,"sra,fastq","s3,gs,ncbi","s3.us-east-1,ncbi.public,gs.us-east1",2023-02-23,2023-02-23,2023-02-23,2023-02-23,ERX10267348,SAMEA112368593,"ROSLIN INSTITUTE\, UNIVERSITY OF EDINBURGH","ROSLIN INSTITUTE\, UNIVERSITY OF EDINBURGH",2023-02-23T20:36:08Z,2023-02-23T20:36:08Z,public,Illumina NovaSeq 6000,EDSW210000960-1a,PAIRED,RANDOM,GENOMIC,Canis lupus familiaris,ILLUMINA,2023-02-25T00:00:00Z,2023-02-26T06:54:00Z,1,SAMEA112368593,ROS.gDNA.SID07242,Canis lupus familiaris,female,ERP144336,familiaris,ROS.gDNA.SID07242,saliva
ERR10821829,WGS,300,14331859200,PRJEB59274,SAMEA112368594,Labrador Retriever,4616434870,"ROSLIN INSTITUTE, UNIVERSITY OF EDINBURGH",dog,public,"sra,run.zq,fastq","ncbi,s3,gs","ncbi.public,gs.us-east1,s3.us-east-1",2023-02-23,2023-02-23,2023-02-23,2023-02-23,ERX10267349,SAMEA112368594,"ROSLIN INSTITUTE\, UNIVERSITY OF EDINBURGH","ROSLIN INSTITUTE\, UNIVERSITY OF EDINBURGH",2023-02-23T20:36:08Z,2023-02-23T20:36:08Z,public,Illumina NovaSeq 6000,EDSW210000961-1a,PAIRED,RANDOM,GENOMIC,Canis lupus familiaris,ILLUMINA,2023-02-25T00:00:00Z,2023-02-25T13:04:00Z,1,SAMEA112368594,ROS.gDNA.SID07243,Canis lupus familiaris,female,ERP144336,familiaris,ROS.gDNA.SID07243,saliva
ERR10821830,WGS,300,133162743900,PRJEB59274,SAMEA112368594,Labrador Retriever,44075602630,"ROSLIN INSTITUTE, UNIVERSITY OF EDINBURGH",dog,public,"sra,fastq","s3,gs,ncbi","ncbi.public,gs.us-east1,s3.us-east-1",2023-02-23,2023-02-23,2023-02-23,2023-02-23,ERX10267350,SAMEA112368594,"ROSLIN INSTITUTE\, UNIVERSITY OF EDINBURGH","ROSLIN INSTITUTE\, UNIVERSITY OF EDINBURGH",2023-02-23T20:36:08Z,2023-02-23T20:36:08Z,public,Illumina NovaSeq 6000,EDSW210000961-1a,PAIRED,RANDOM,GENOMIC,Canis lupus familiaris,ILLUMINA,2023-02-25T00:00:00Z,2023-03-03T07:28:00Z,1,SAMEA112368594,ROS.gDNA.SID07243,Canis lupus familiaris,female,ERP144336,familiaris,ROS.gDNA.SID07243,saliva
ERR10821831,WGS,300,156887341200,PRJEB59274,SAMEA112368595,Labrador Retriever,51978516695,"ROSLIN INSTITUTE, UNIVERSITY OF EDINBURGH",dog,public,"sra,fastq","gs,ncbi,s3","ncbi.public,s3.us-east-1,gs.us-east1",2023-02-23,2023-02-23,2023-02-23,2023-02-23,ERX10267351,SAMEA112368595,"ROSLIN INSTITUTE\, UNIVERSITY OF EDINBURGH","ROSLIN INSTITUTE\, UNIVERSITY OF EDINBURGH",2023-02-23T20:36:08Z,2023-02-23T20:36:08Z,public,Illumina NovaSeq 6000,EDSW210000962-1a,PAIRED,RANDOM,GENOMIC,Canis lupus familiaris,ILLUMINA,2023-02-25T00:00:00Z,2023-03-03T07:44:00Z,1,SAMEA112368595,ROS.gDNA.SID07244,Canis lupus familiaris,male,ERP144336,familiaris,ROS.gDNA.SID07244,saliva
ERR10821832,WGS,300,147034798800,PRJEB59274,SAMEA112368596,Labrador Retriever,48918755351,"ROSLIN INSTITUTE, UNIVERSITY OF EDINBURGH",dog,public,"fastq,sra","gs,ncbi,s3","gs.us-east1,ncbi.public,s3.us-east-1",2023-02-23,2023-02-23,2023-02-23,2023-02-23,ERX10267352,SAMEA112368596,"ROSLIN INSTITUTE\, UNIVERSITY OF EDINBURGH","ROSLIN INSTITUTE\, UNIVERSITY OF EDINBURGH",2023-02-23T20:36:08Z,2023-02-23T20:36:08Z,public,Illumina NovaSeq 6000,EDSW210000963-1a,PAIRED,RANDOM,GENOMIC,Canis lupus familiaris,ILLUMINA,2023-02-25T00:00:00Z,2023-02-26T06:58:00Z,1,SAMEA112368596,ROS.gDNA.SID07245,Canis lupus familiaris,female,ERP144336,familiaris,ROS.gDNA.SID07245,saliva
ERR10821833,WGS,300,2511642000,PRJEB59274,SAMEA112368572,Labrador Retriever,839717430,"ROSLIN INSTITUTE, UNIVERSITY OF EDINBURGH",dog,public,"sra,fastq,run.zq","ncbi,gs,s3","ncbi.public,gs.us-east1,s3.us-east-1",2023-02-23,2023-02-23,2023-02-23,2023-02-23,ERX10267353,SAMEA112368572,"ROSLIN INSTITUTE\, UNIVERSITY OF EDINBURGH","ROSLIN INSTITUTE\, UNIVERSITY OF EDINBURGH",2023-02-23T20:36:08Z,2023-02-23T20:36:08Z,public,Illumina NovaSeq 6000,EDSW200020868-1a,PAIRED,RANDOM,GENOMIC,Canis lupus familiaris,ILLUMINA,2023-02-25T00:00:00Z,2023-02-25T13:27:00Z,1,SAMEA112368572,ROS.gDNA.SID07216,Canis lupus familiaris,male,ERP144336,familiaris,ROS.gDNA.SID07216,saliva
ERR10821834,WGS,300,2633207700,PRJEB59274,SAMEA112368573,Labrador Retriever,877185780,"ROSLIN INSTITUTE, UNIVERSITY OF EDINBURGH",dog,public,"run.zq,sra,fastq","ncbi,s3,gs","gs.us-east1,ncbi.public,s3.us-east-1",2023-02-23,2023-02-23,2023-02-23,2023-02-23,ERX10267354,SAMEA112368573,"ROSLIN INSTITUTE\, UNIVERSITY OF EDINBURGH","ROSLIN INSTITUTE\, UNIVERSITY OF EDINBURGH",2023-02-23T20:36:08Z,2023-02-23T20:36:08Z,public,Illumina NovaSeq 6000,EDSW200020869-1a,PAIRED,RANDOM,GENOMIC,Canis lupus familiaris,ILLUMINA,2023-02-25T00:00:00Z,2023-02-25T13:27:00Z,1,SAMEA112368573,ROS.gDNA.SID07217,Canis lupus familiaris,male,ERP144336,familiaris,ROS.gDNA.SID07217,saliva
ERR10821835,WGS,300,3353514600,PRJEB59274,SAMEA112368574,Labrador Retriever,1124199428,"ROSLIN INSTITUTE, UNIVERSITY OF EDINBURGH",dog,public,"run.zq,fastq,sra","s3,gs,ncbi","gs.us-east1,s3.us-east-1,ncbi.public",2023-02-23,2023-02-23,2023-02-23,2023-02-23,ERX10267355,SAMEA112368574,"ROSLIN INSTITUTE\, UNIVERSITY OF EDINBURGH","ROSLIN INSTITUTE\, UNIVERSITY OF EDINBURGH",2023-02-23T20:36:08Z,2023-02-23T20:36:08Z,public,Illumina NovaSeq 6000,EDSW200020870-1a,PAIRED,RANDOM,GENOMIC,Canis lupus familiaris,ILLUMINA,2023-02-25T00:00:00Z,2023-02-25T13:29:00Z,1,SAMEA112368574,ROS.gDNA.SID07219,Canis lupus familiaris,male,ERP144336,familiaris,ROS.gDNA.SID07219,saliva
ERR10821836,WGS,300,2691252900,PRJEB59274,SAMEA112368575,Labrador Retriever,893389982,"ROSLIN INSTITUTE, UNIVERSITY OF EDINBURGH",dog,public,"sra,fastq,run.zq","gs,ncbi,s3","s3.us-east-1,ncbi.public,gs.us-east1",2023-02-23,2023-02-23,2023-02-23,2023-02-23,ERX10267356,SAMEA112368575,"ROSLIN INSTITUTE\, UNIVERSITY OF EDINBURGH","ROSLIN INSTITUTE\, UNIVERSITY OF EDINBURGH",2023-02-23T20:36:08Z,2023-02-23T20:36:08Z,public,Illumina NovaSeq 6000,EDSW200020871-1a,PAIRED,RANDOM,GENOMIC,Canis lupus familiaris,ILLUMINA,2023-02-25T00:00:00Z,2023-02-25T13:29:00Z,1,SAMEA112368575,ROS.gDNA.SID07222,Canis lupus familiaris,female,ERP144336,familiaris,ROS.gDNA.SID07222,saliva
ERR10821837,WGS,300,3028850100,PRJEB59274,SAMEA112368576,Labrador Retriever,1008705858,"ROSLIN INSTITUTE, UNIVERSITY OF EDINBURGH",dog,public,"fastq,run.zq,sra","ncbi,s3,gs","gs.us-east1,s3.us-east-1,ncbi.public",2023-02-23,2023-02-23,2023-02-23,2023-02-23,ERX10267357,SAMEA112368576,"ROSLIN INSTITUTE\, UNIVERSITY OF EDINBURGH","ROSLIN INSTITUTE\, UNIVERSITY OF EDINBURGH",2023-02-23T20:36:08Z,2023-02-23T20:36:08Z,public,Illumina NovaSeq 6000,EDSW200020872-1a,PAIRED,RANDOM,GENOMIC,Canis lupus familiaris,ILLUMINA,2023-02-25T00:00:00Z,2023-02-25T13:32:00Z,1,SAMEA112368576,ROS.gDNA.SID07224,Canis lupus familiaris,female,ERP144336,familiaris,ROS.gDNA.SID07224,saliva
ERR10821838,WGS,300,1357040400,PRJEB59274,SAMEA112368577,Labrador Retriever,449882717,"ROSLIN INSTITUTE, UNIVERSITY OF EDINBURGH",dog,public,"run.zq,sra,fastq","gs,s3,ncbi","s3.us-east-1,ncbi.public,gs.us-east1",2023-02-23,2023-02-23,2023-02-23,2023-02-23,ERX10267358,SAMEA112368577,"ROSLIN INSTITUTE\, UNIVERSITY OF EDINBURGH","ROSLIN INSTITUTE\, UNIVERSITY OF EDINBURGH",2023-02-23T20:36:08Z,2023-02-23T20:36:08Z,public,Illumina NovaSeq 6000,EDSW200020873-1a,PAIRED,RANDOM,GENOMIC,Canis lupus familiaris,ILLUMINA,2023-02-25T00:00:00Z,2023-02-25T13:30:00Z,1,SAMEA112368577,ROS.gDNA.SID07225,Canis lupus familiaris,female,ERP144336,familiaris,ROS.gDNA.SID07225,saliva
ERR10821839,WGS,300,2256180600,PRJEB59274,SAMEA112368577,Labrador Retriever,757329281,"ROSLIN INSTITUTE, UNIVERSITY OF EDINBURGH",dog,public,"run.zq,fastq,sra","gs,ncbi,s3","gs.us-east1,s3.us-east-1,ncbi.public",2023-02-23,2023-02-23,2023-02-23,2023-02-23,ERX10267359,SAMEA112368577,"ROSLIN INSTITUTE\, UNIVERSITY OF EDINBURGH","ROSLIN INSTITUTE\, UNIVERSITY OF EDINBURGH",2023-02-23T20:36:08Z,2023-02-23T20:36:08Z,public,Illumina NovaSeq 6000,EDSW200020873-1a,PAIRED,RANDOM,GENOMIC,Canis lupus familiaris,ILLUMINA,2023-02-25T00:00:00Z,2023-02-25T13:31:00Z,1,SAMEA112368577,ROS.gDNA.SID07225,Canis lupus familiaris,female,ERP144336,familiaris,ROS.gDNA.SID07225,saliva
ERR10821840,WGS,300,2553102000,PRJEB59274,SAMEA112368578,Labrador Retriever,853059531,"ROSLIN INSTITUTE, UNIVERSITY OF EDINBURGH",dog,public,"fastq,run.zq,sra","gs,ncbi,s3","ncbi.public,gs.us-east1,s3.us-east-1",2023-02-23,2023-02-23,2023-02-23,2023-02-23,ERX10267360,SAMEA112368578,"ROSLIN INSTITUTE\, UNIVERSITY OF EDINBURGH","ROSLIN INSTITUTE\, UNIVERSITY OF EDINBURGH",2023-02-23T20:36:08Z,2023-02-23T20:36:08Z,public,Illumina NovaSeq 6000,EDSW200020874-1a,PAIRED,RANDOM,GENOMIC,Canis lupus familiaris,ILLUMINA,2023-02-25T00:00:00Z,2023-02-25T13:32:00Z,1,SAMEA112368578,ROS.gDNA.SID07226,Canis lupus familiaris,male,ERP144336,familiaris,ROS.gDNA.SID07226,saliva
ERR10821841,WGS,300,1512652200,PRJEB59274,SAMEA112368579,Labrador Retriever,499148215,"ROSLIN INSTITUTE, UNIVERSITY OF EDINBURGH",dog,public,"fastq,sra,run.zq","ncbi,s3,gs","ncbi.public,s3.us-east-1,gs.us-east1",2023-02-23,2023-02-23,2023-02-23,2023-02-23,ERX10267361,SAMEA112368579,"ROSLIN INSTITUTE\, UNIVERSITY OF EDINBURGH","ROSLIN INSTITUTE\, UNIVERSITY OF EDINBURGH",2023-02-23T20:36:08Z,2023-02-23T20:36:08Z,public,Illumina NovaSeq 6000,EDSW200020875-1a,PAIRED,RANDOM,GENOMIC,Canis lupus familiaris,ILLUMINA,2023-02-25T00:00:00Z,2023-02-25T13:30:00Z,1,SAMEA112368579,ROS.gDNA.SID07227,Canis lupus familiaris,female,ERP144336,familiaris,ROS.gDNA.SID07227,saliva
ERR10821842,WGS,300,2337923700,PRJEB59274,SAMEA112368579,Labrador Retriever,779381312,"ROSLIN INSTITUTE, UNIVERSITY OF EDINBURGH",dog,public,"fastq,run.zq,sra","s3,ncbi,gs","ncbi.public,gs.us-east1,s3.us-east-1",2023-02-23,2023-02-23,2023-02-23,2023-02-23,ERX10267362,SAMEA112368579,"ROSLIN INSTITUTE\, UNIVERSITY OF EDINBURGH","ROSLIN INSTITUTE\, UNIVERSITY OF EDINBURGH",2023-02-23T20:36:08Z,2023-02-23T20:36:08Z,public,Illumina NovaSeq 6000,EDSW200020875-1a,PAIRED,RANDOM,GENOMIC,Canis lupus familiaris,ILLUMINA,2023-02-25T00:00:00Z,2023-02-25T13:31:00Z,1,SAMEA112368579,ROS.gDNA.SID07227,Canis lupus familiaris,female,ERP144336,familiaris,ROS.gDNA.SID07227,saliva
ERR10821843,WGS,300,2600404500,PRJEB59274,SAMEA112368580,Labrador Retriever,876415102,"ROSLIN INSTITUTE, UNIVERSITY OF EDINBURGH",dog,public,"run.zq,fastq,sra","ncbi,gs,s3","gs.us-east1,ncbi.public,s3.us-east-1",2023-02-23,2023-02-23,2023-02-23,2023-02-23,ERX10267363,SAMEA112368580,"ROSLIN INSTITUTE\, UNIVERSITY OF EDINBURGH","ROSLIN INSTITUTE\, UNIVERSITY OF EDINBURGH",2023-02-23T20:36:08Z,2023-02-23T20:36:08Z,public,Illumina NovaSeq 6000,EDSW200020877-1a,PAIRED,RANDOM,GENOMIC,Canis lupus familiaris,ILLUMINA,2023-02-25T00:00:00Z,2023-02-25T13:32:00Z,1,SAMEA112368580,ROS.gDNA.SID07229,Canis lupus familiaris,male,ERP144336,familiaris,ROS.gDNA.SID07229,saliva
ERR10821844,WGS,300,2402682600,PRJEB59274,SAMEA112368581,Labrador Retriever,818043799,"ROSLIN INSTITUTE, UNIVERSITY OF EDINBURGH",dog,public,"sra,run.zq,fastq","gs,s3,ncbi","ncbi.public,gs.us-east1,s3.us-east-1",2023-02-23,2023-02-23,2023-02-23,2023-02-23,ERX10267364,SAMEA112368581,"ROSLIN INSTITUTE\, UNIVERSITY OF EDINBURGH","ROSLIN INSTITUTE\, UNIVERSITY OF EDINBURGH",2023-02-23T20:36:08Z,2023-02-23T20:36:08Z,public,Illumina NovaSeq 6000,EDSW200020878-1a,PAIRED,RANDOM,GENOMIC,Canis lupus familiaris,ILLUMINA,2023-02-25T00:00:00Z,2023-02-25T13:31:00Z,1,SAMEA112368581,ROS.gDNA.SID07230,Canis lupus familiaris,male,ERP144336,familiaris,ROS.gDNA.SID07230,saliva
ERR10821845,WGS,300,2922016200,PRJEB59274,SAMEA112368582,Labrador Retriever,983477963,"ROSLIN INSTITUTE, UNIVERSITY OF EDINBURGH",dog,public,"fastq,sra,run.zq","gs,s3,ncbi","gs.us-east1,ncbi.public,s3.us-east-1",2023-02-23,2023-02-23,2023-02-23,2023-02-23,ERX10267365,SAMEA112368582,"ROSLIN INSTITUTE\, UNIVERSITY OF EDINBURGH","ROSLIN INSTITUTE\, UNIVERSITY OF EDINBURGH",2023-02-23T20:36:08Z,2023-02-23T20:36:08Z,public,Illumina NovaSeq 6000,EDSW200020879-1a,PAIRED,RANDOM,GENOMIC,Canis lupus familiaris,ILLUMINA,2023-02-25T00:00:00Z,2023-02-25T13:32:00Z,1,SAMEA112368582,ROS.gDNA.SID07231,Canis lupus familiaris,male,ERP144336,familiaris,ROS.gDNA.SID07231,saliva
ERR10821846,WGS,300,1462701300,PRJEB59274,SAMEA112368583,Labrador Retriever,472836796,"ROSLIN INSTITUTE, UNIVERSITY OF EDINBURGH",dog,public,"sra,run.zq,fastq","s3,ncbi,gs","s3.us-east-1,ncbi.public,gs.us-east1",2023-02-23,2023-02-23,2023-02-23,2023-02-23,ERX10267366,SAMEA112368583,"ROSLIN INSTITUTE\, UNIVERSITY OF EDINBURGH","ROSLIN INSTITUTE\, UNIVERSITY OF EDINBURGH",2023-02-23T20:36:08Z,2023-02-23T20:36:08Z,public,Illumina NovaSeq 6000,EDSW200020880-1a,PAIRED,RANDOM,GENOMIC,Canis lupus familiaris,ILLUMINA,2023-02-25T00:00:00Z,2023-02-25T13:29:00Z,1,SAMEA112368583,ROS.gDNA.SID07232,Canis lupus familiaris,female,ERP144336,familiaris,ROS.gDNA.SID07232,saliva
ERR10821847,WGS,300,2329725600,PRJEB59274,SAMEA112368583,Labrador Retriever,786625937,"ROSLIN INSTITUTE, UNIVERSITY OF EDINBURGH",dog,public,"run.zq,sra,fastq","gs,s3,ncbi","gs.us-east1,ncbi.public,s3.us-east-1",2023-02-23,2023-02-23,2023-02-23,2023-02-23,ERX10267367,SAMEA112368583,"ROSLIN INSTITUTE\, UNIVERSITY OF EDINBURGH","ROSLIN INSTITUTE\, UNIVERSITY OF EDINBURGH",2023-02-23T20:36:08Z,2023-02-23T20:36:08Z,public,Illumina NovaSeq 6000,EDSW200020880-1a,PAIRED,RANDOM,GENOMIC,Canis lupus familiaris,ILLUMINA,2023-02-25T00:00:00Z,2023-02-25T13:31:00Z,1,SAMEA112368583,ROS.gDNA.SID07232,Canis lupus familiaris,female,ERP144336,familiaris,ROS.gDNA.SID07232,saliva
ERR10821848,WGS,300,1392410100,PRJEB59274,SAMEA112368584,Labrador Retriever,456173333,"ROSLIN INSTITUTE, UNIVERSITY OF EDINBURGH",dog,public,"fastq,sra,run.zq","s3,ncbi,gs","gs.us-east1,ncbi.public,s3.us-east-1",2023-02-23,2023-02-23,2023-02-23,2023-02-23,ERX10267368,SAMEA112368584,"ROSLIN INSTITUTE\, UNIVERSITY OF EDINBURGH","ROSLIN INSTITUTE\, UNIVERSITY OF EDINBURGH",2023-02-23T20:36:08Z,2023-02-23T20:36:08Z,public,Illumina NovaSeq 6000,EDSW200020881-1a,PAIRED,RANDOM,GENOMIC,Canis lupus familiaris,ILLUMINA,2023-02-25T00:00:00Z,2023-02-25T13:30:00Z,1,SAMEA112368584,ROS.gDNA.SID07233,Canis lupus familiaris,male,ERP144336,familiaris,ROS.gDNA.SID07233,saliva
ERR10821849,WGS,300,2005320300,PRJEB59274,SAMEA112368584,Labrador Retriever,683246135,"ROSLIN INSTITUTE, UNIVERSITY OF EDINBURGH",dog,public,"fastq,sra,run.zq","gs,s3,ncbi","gs.us-east1,s3.us-east-1,ncbi.public",2023-02-23,2023-02-23,2023-02-23,2023-02-23,ERX10267369,SAMEA112368584,"ROSLIN INSTITUTE\, UNIVERSITY OF EDINBURGH","ROSLIN INSTITUTE\, UNIVERSITY OF EDINBURGH",2023-02-23T20:36:08Z,2023-02-23T20:36:08Z,public,Illumina NovaSeq 6000,EDSW200020881-1a,PAIRED,RANDOM,GENOMIC,Canis lupus familiaris,ILLUMINA,2023-02-25T00:00:00Z,2023-02-25T13:31:00Z,1,SAMEA112368584,ROS.gDNA.SID07233,Canis lupus familiaris,male,ERP144336,familiaris,ROS.gDNA.SID07233,saliva
ERR10821850,WGS,300,2959307400,PRJEB59274,SAMEA112368585,Labrador Retriever,1005224839,"ROSLIN INSTITUTE, UNIVERSITY OF EDINBURGH",dog,public,"sra,fastq,run.zq","gs,ncbi,s3","s3.us-east-1,gs.us-east1,ncbi.public",2023-02-23,2023-02-23,2023-02-23,2023-02-23,ERX10267370,SAMEA112368585,"ROSLIN INSTITUTE\, UNIVERSITY OF EDINBURGH","ROSLIN INSTITUTE\, UNIVERSITY OF EDINBURGH",2023-02-23T20:36:08Z,2023-02-23T20:36:08Z,public,Illumina NovaSeq 6000,EDSW200020882-1a,PAIRED,RANDOM,GENOMIC,Canis lupus familiaris,ILLUMINA,2023-02-25T00:00:00Z,2023-02-25T13:32:00Z,1,SAMEA112368585,ROS.gDNA.SID07234,Canis lupus familiaris,female,ERP144336,familiaris,ROS.gDNA.SID07234,saliva
ERR10821851,WGS,300,1344126300,PRJEB59274,SAMEA112368590,Labrador Retriever,441361068,"ROSLIN INSTITUTE, UNIVERSITY OF EDINBURGH",dog,public,"run.zq,fastq,sra","ncbi,gs,s3","gs.us-east1,ncbi.public,s3.us-east-1",2023-02-23,2023-02-23,2023-02-23,2023-02-23,ERX10267371,SAMEA112368590,"ROSLIN INSTITUTE\, UNIVERSITY OF EDINBURGH","ROSLIN INSTITUTE\, UNIVERSITY OF EDINBURGH",2023-02-23T20:36:08Z,2023-02-23T20:36:08Z,public,Illumina NovaSeq 6000,EDSW210000957-1a,PAIRED,RANDOM,GENOMIC,Canis lupus familiaris,ILLUMINA,2023-02-25T00:00:00Z,2023-02-25T13:30:00Z,1,SAMEA112368590,ROS.gDNA.SID07239,Canis lupus familiaris,female,ERP144336,familiaris,ROS.gDNA.SID07239,saliva
ERR10821852,WGS,300,2135427600,PRJEB59274,SAMEA112368590,Labrador Retriever,728309673,"ROSLIN INSTITUTE, UNIVERSITY OF EDINBURGH",dog,public,"sra,run.zq,fastq","gs,ncbi,s3","gs.us-east1,ncbi.public,s3.us-east-1",2023-02-23,2023-02-23,2023-02-23,2023-02-23,ERX10267372,SAMEA112368590,"ROSLIN INSTITUTE\, UNIVERSITY OF EDINBURGH","ROSLIN INSTITUTE\, UNIVERSITY OF EDINBURGH",2023-02-23T20:36:08Z,2023-02-23T20:36:08Z,public,Illumina NovaSeq 6000,EDSW210000957-1a,PAIRED,RANDOM,GENOMIC,Canis lupus familiaris,ILLUMINA,2023-02-25T00:00:00Z,2023-02-25T13:31:00Z,1,SAMEA112368590,ROS.gDNA.SID07239,Canis lupus familiaris,female,ERP144336,familiaris,ROS.gDNA.SID07239,saliva
ERR10821853,WGS,300,2892805500,PRJEB59274,SAMEA112368597,Labrador Retriever,967472927,"ROSLIN INSTITUTE, UNIVERSITY OF EDINBURGH",dog,public,"sra,run.zq,fastq","ncbi,s3,gs","s3.us-east-1,ncbi.public,gs.us-east1",2023-02-23,2023-02-23,2023-02-23,2023-02-23,ERX10267373,SAMEA112368597,"ROSLIN INSTITUTE\, UNIVERSITY OF EDINBURGH","ROSLIN INSTITUTE\, UNIVERSITY OF EDINBURGH",2023-02-23T20:36:08Z,2023-02-23T20:36:08Z,public,Illumina NovaSeq 6000,EDSW210000964-1a,PAIRED,RANDOM,GENOMIC,Canis lupus familiaris,ILLUMINA,2023-02-25T00:00:00Z,2023-02-25T13:34:00Z,1,SAMEA112368597,ROS.gDNA.SID07246,Canis lupus familiaris,male,ERP144336,familiaris,ROS.gDNA.SID07246,saliva
ERR10821854,WGS,300,1460586600,PRJEB59274,SAMEA112368591,Labrador Retriever,473428527,"ROSLIN INSTITUTE, UNIVERSITY OF EDINBURGH",dog,public,"run.zq,sra,fastq","ncbi,s3,gs","ncbi.public,s3.us-east-1,gs.us-east1",2023-02-23,2023-02-23,2023-02-23,2023-02-23,ERX10267374,SAMEA112368591,"ROSLIN INSTITUTE\, UNIVERSITY OF EDINBURGH","ROSLIN INSTITUTE\, UNIVERSITY OF EDINBURGH",2023-02-23T20:36:08Z,2023-02-23T20:36:08Z,public,Illumina NovaSeq 6000,EDSW210000958-1a,PAIRED,RANDOM,GENOMIC,Canis lupus familiaris,ILLUMINA,2023-02-25T00:00:00Z,2023-02-25T13:31:00Z,1,SAMEA112368591,ROS.gDNA.SID07240,Canis lupus familiaris,male,ERP144336,familiaris,ROS.gDNA.SID07240,saliva
ERR10821855,WGS,300,2190574500,PRJEB59274,SAMEA112368591,Labrador Retriever,740345874,"ROSLIN INSTITUTE, UNIVERSITY OF EDINBURGH",dog,public,"run.zq,fastq,sra","ncbi,gs,s3","s3.us-east-1,ncbi.public,gs.us-east1",2023-02-23,2023-02-23,2023-02-23,2023-02-23,ERX10267375,SAMEA112368591,"ROSLIN INSTITUTE\, UNIVERSITY OF EDINBURGH","ROSLIN INSTITUTE\, UNIVERSITY OF EDINBURGH",2023-02-23T20:36:08Z,2023-02-23T20:36:08Z,public,Illumina NovaSeq 6000,EDSW210000958-1a,PAIRED,RANDOM,GENOMIC,Canis lupus familiaris,ILLUMINA,2023-02-25T00:00:00Z,2023-02-25T13:32:00Z,1,SAMEA112368591,ROS.gDNA.SID07240,Canis lupus familiaris,male,ERP144336,familiaris,ROS.gDNA.SID07240,saliva
ERR10821856,WGS,300,3569449800,PRJEB59274,SAMEA112368592,Labrador Retriever,1188423899,"ROSLIN INSTITUTE, UNIVERSITY OF EDINBURGH",dog,public,"sra,fastq,run.zq","s3,ncbi,gs","s3.us-east-1,ncbi.public,gs.us-east1",2023-02-23,2023-02-23,2023-02-23,2023-02-23,ERX10267376,SAMEA112368592,"ROSLIN INSTITUTE\, UNIVERSITY OF EDINBURGH","ROSLIN INSTITUTE\, UNIVERSITY OF EDINBURGH",2023-02-23T20:36:08Z,2023-02-23T20:36:08Z,public,Illumina NovaSeq 6000,EDSW210000959-1a,PAIRED,RANDOM,GENOMIC,Canis lupus familiaris,ILLUMINA,2023-02-25T00:00:00Z,2023-02-25T13:34:00Z,1,SAMEA112368592,ROS.gDNA.SID07241,Canis lupus familiaris,male,ERP144336,familiaris,ROS.gDNA.SID07241,saliva
ERR10821857,WGS,300,2645806500,PRJEB59274,SAMEA112368593,Labrador Retriever,910983813,"ROSLIN INSTITUTE, UNIVERSITY OF EDINBURGH",dog,public,"sra,fastq,run.zq","ncbi,gs,s3","ncbi.public,gs.us-east1,s3.us-east-1",2023-02-23,2023-02-23,2023-02-23,2023-02-23,ERX10267377,SAMEA112368593,"ROSLIN INSTITUTE\, UNIVERSITY OF EDINBURGH","ROSLIN INSTITUTE\, UNIVERSITY OF EDINBURGH",2023-02-23T20:36:08Z,2023-02-23T20:36:08Z,public,Illumina NovaSeq 6000,EDSW210000960-1a,PAIRED,RANDOM,GENOMIC,Canis lupus familiaris,ILLUMINA,2023-02-25T00:00:00Z,2023-02-25T13:34:00Z,1,SAMEA112368593,ROS.gDNA.SID07242,Canis lupus familiaris,female,ERP144336,familiaris,ROS.gDNA.SID07242,saliva
ERR10821858,WGS,300,2648661900,PRJEB59274,SAMEA112368594,Labrador Retriever,899409747,"ROSLIN INSTITUTE, UNIVERSITY OF EDINBURGH",dog,public,"run.zq,sra,fastq","gs,s3,ncbi","s3.us-east-1,ncbi.public,gs.us-east1",2023-02-23,2023-02-23,2023-02-23,2023-02-23,ERX10267378,SAMEA112368594,"ROSLIN INSTITUTE\, UNIVERSITY OF EDINBURGH","ROSLIN INSTITUTE\, UNIVERSITY OF EDINBURGH",2023-02-23T20:36:08Z,2023-02-23T20:36:08Z,public,Illumina NovaSeq 6000,EDSW210000961-1a,PAIRED,RANDOM,GENOMIC,Canis lupus familiaris,ILLUMINA,2023-02-25T00:00:00Z,2023-02-25T13:34:00Z,1,SAMEA112368594,ROS.gDNA.SID07243,Canis lupus familiaris,female,ERP144336,familiaris,ROS.gDNA.SID07243,saliva
ERR10821859,WGS,300,2601768000,PRJEB59274,SAMEA112368595,Labrador Retriever,866586049,"ROSLIN INSTITUTE, UNIVERSITY OF EDINBURGH",dog,public,"run.zq,sra,fastq","gs,s3,ncbi","gs.us-east1,s3.us-east-1,ncbi.public",2023-02-23,2023-02-23,2023-02-23,2023-02-23,ERX10267379,SAMEA112368595,"ROSLIN INSTITUTE\, UNIVERSITY OF EDINBURGH","ROSLIN INSTITUTE\, UNIVERSITY OF EDINBURGH",2023-02-23T20:36:08Z,2023-02-23T20:36:08Z,public,Illumina NovaSeq 6000,EDSW210000962-1a,PAIRED,RANDOM,GENOMIC,Canis lupus familiaris,ILLUMINA,2023-02-25T00:00:00Z,2023-02-25T13:34:00Z,1,SAMEA112368595,ROS.gDNA.SID07244,Canis lupus familiaris,male,ERP144336,familiaris,ROS.gDNA.SID07244,saliva
ERR10821860,WGS,300,2560758600,PRJEB59274,SAMEA112368596,Labrador Retriever,867397829,"ROSLIN INSTITUTE, UNIVERSITY OF EDINBURGH",dog,public,"run.zq,sra,fastq","s3,ncbi,gs","s3.us-east-1,gs.us-east1,ncbi.public",2023-02-23,2023-02-23,2023-02-23,2023-02-23,ERX10267380,SAMEA112368596,"ROSLIN INSTITUTE\, UNIVERSITY OF EDINBURGH","ROSLIN INSTITUTE\, UNIVERSITY OF EDINBURGH",2023-02-23T20:36:08Z,2023-02-23T20:36:08Z,public,Illumina NovaSeq 6000,EDSW210000963-1a,PAIRED,RANDOM,GENOMIC,Canis lupus familiaris,ILLUMINA,2023-02-25T00:00:00Z,2023-02-25T13:32:00Z,1,SAMEA112368596,ROS.gDNA.SID07245,Canis lupus familiaris,female,ERP144336,familiaris,ROS.gDNA.SID07245,saliva
ERR10821861,WGS,300,2621941500,PRJEB59274,SAMEA112368568,Labrador Retriever,890238755,"ROSLIN INSTITUTE, UNIVERSITY OF EDINBURGH",dog,public,"sra,fastq,run.zq","s3,gs,ncbi","gs.us-east1,ncbi.public,s3.us-east-1",2023-02-23,2023-02-23,2023-02-23,2023-02-23,ERX10267381,SAMEA112368568,"ROSLIN INSTITUTE\, UNIVERSITY OF EDINBURGH","ROSLIN INSTITUTE\, UNIVERSITY OF EDINBURGH",2023-02-23T20:36:08Z,2023-02-23T20:36:08Z,public,Illumina NovaSeq 6000,EDSW200020863-1a,PAIRED,RANDOM,GENOMIC,Canis lupus familiaris,ILLUMINA,2023-02-25T00:00:00Z,2023-02-25T13:34:00Z,1,SAMEA112368568,ROS.gDNA.SID07211,Canis lupus familiaris,female,ERP144336,familiaris,ROS.gDNA.SID07211,saliva
ERR10821862,WGS,300,3328290600,PRJEB59274,SAMEA112368586,Labrador Retriever,1121476998,"ROSLIN INSTITUTE, UNIVERSITY OF EDINBURGH",dog,public,"fastq,sra,run.zq","ncbi,s3,gs","s3.us-east-1,gs.us-east1,ncbi.public",2023-02-23,2023-02-23,2023-02-23,2023-02-23,ERX10267382,SAMEA112368586,"ROSLIN INSTITUTE\, UNIVERSITY OF EDINBURGH","ROSLIN INSTITUTE\, UNIVERSITY OF EDINBURGH",2023-02-23T20:36:08Z,2023-02-23T20:36:08Z,public,Illumina NovaSeq 6000,EDSW200020883-1a,PAIRED,RANDOM,GENOMIC,Canis lupus familiaris,ILLUMINA,2023-02-25T00:00:00Z,2023-02-25T13:36:00Z,1,SAMEA112368586,ROS.gDNA.SID07235,Canis lupus familiaris,male,ERP144336,familiaris,ROS.gDNA.SID07235,saliva
ERR10821863,WGS,300,2470188900,PRJEB59274,SAMEA112368587,Labrador Retriever,844946361,"ROSLIN INSTITUTE, UNIVERSITY OF EDINBURGH",dog,public,"sra,fastq,run.zq","s3,gs,ncbi","ncbi.public,s3.us-east-1,gs.us-east1",2023-02-23,2023-02-23,2023-02-23,2023-02-23,ERX10267383,SAMEA112368587,"ROSLIN INSTITUTE\, UNIVERSITY OF EDINBURGH","ROSLIN INSTITUTE\, UNIVERSITY OF EDINBURGH",2023-02-23T20:36:08Z,2023-02-23T20:36:08Z,public,Illumina NovaSeq 6000,EDSW200020884-1a,PAIRED,RANDOM,GENOMIC,Canis lupus familiaris,ILLUMINA,2023-02-25T00:00:00Z,2023-02-25T13:34:00Z,1,SAMEA112368587,ROS.gDNA.SID07236,Canis lupus familiaris,male,ERP144336,familiaris,ROS.gDNA.SID07236,saliva
ERR10821864,WGS,300,3512198100,PRJEB59274,SAMEA112368588,Labrador Retriever,1189723476,"ROSLIN INSTITUTE, UNIVERSITY OF EDINBURGH",dog,public,"sra,fastq,run.zq","ncbi,s3,gs","ncbi.public,s3.us-east-1,gs.us-east1",2023-02-23,2023-02-23,2023-02-23,2023-02-23,ERX10267384,SAMEA112368588,"ROSLIN INSTITUTE\, UNIVERSITY OF EDINBURGH","ROSLIN INSTITUTE\, UNIVERSITY OF EDINBURGH",2023-02-23T20:36:08Z,2023-02-23T20:36:08Z,public,Illumina NovaSeq 6000,EDSW200020885-1a,PAIRED,RANDOM,GENOMIC,Canis lupus familiaris,ILLUMINA,2023-02-25T00:00:00Z,2023-02-25T13:39:00Z,1,SAMEA112368588,ROS.gDNA.SID07237,Canis lupus familiaris,female,ERP144336,familiaris,ROS.gDNA.SID07237,saliva
ERR10821865,WGS,300,3071444700,PRJEB59274,SAMEA112368589,Labrador Retriever,1044307708,"ROSLIN INSTITUTE, UNIVERSITY OF EDINBURGH",dog,public,"sra,fastq,run.zq","ncbi,s3,gs","gs.us-east1,s3.us-east-1,ncbi.public",2023-02-23,2023-02-23,2023-02-23,2023-02-23,ERX10267385,SAMEA112368589,"ROSLIN INSTITUTE\, UNIVERSITY OF EDINBURGH","ROSLIN INSTITUTE\, UNIVERSITY OF EDINBURGH",2023-02-23T20:36:08Z,2023-02-23T20:36:08Z,public,Illumina NovaSeq 6000,EDSW200020886-1a,PAIRED,RANDOM,GENOMIC,Canis lupus familiaris,ILLUMINA,2023-02-25T00:00:00Z,2023-02-25T13:36:00Z,1,SAMEA112368589,ROS.gDNA.SID07238,Canis lupus familiaris,male,ERP144336,familiaris,ROS.gDNA.SID07238,saliva
ERR10821866,WGS,300,1419995700,PRJEB59274,SAMEA112368569,Labrador Retriever,467504246,"ROSLIN INSTITUTE, UNIVERSITY OF EDINBURGH",dog,public,"run.zq,sra,fastq","gs,ncbi,s3","ncbi.public,gs.us-east1,s3.us-east-1",2023-02-23,2023-02-23,2023-02-23,2023-02-23,ERX10267386,SAMEA112368569,"ROSLIN INSTITUTE\, UNIVERSITY OF EDINBURGH","ROSLIN INSTITUTE\, UNIVERSITY OF EDINBURGH",2023-02-23T20:36:08Z,2023-02-23T20:36:08Z,public,Illumina NovaSeq 6000,EDSW200020864-1a,PAIRED,RANDOM,GENOMIC,Canis lupus familiaris,ILLUMINA,2023-02-25T00:00:00Z,2023-02-25T13:33:00Z,1,SAMEA112368569,ROS.gDNA.SID07212,Canis lupus familiaris,male,ERP144336,familiaris,ROS.gDNA.SID07212,saliva
ERR10821867,WGS,300,2071123200,PRJEB59274,SAMEA112368569,Labrador Retriever,693118890,"ROSLIN INSTITUTE, UNIVERSITY OF EDINBURGH",dog,public,"sra,fastq,run.zq","gs,s3,ncbi","gs.us-east1,s3.us-east-1,ncbi.public",2023-02-23,2023-02-23,2023-02-23,2023-02-23,ERX10267387,SAMEA112368569,"ROSLIN INSTITUTE\, UNIVERSITY OF EDINBURGH","ROSLIN INSTITUTE\, UNIVERSITY OF EDINBURGH",2023-02-23T20:36:08Z,2023-02-23T20:36:08Z,public,Illumina NovaSeq 6000,EDSW200020864-1a,PAIRED,RANDOM,GENOMIC,Canis lupus familiaris,ILLUMINA,2023-02-25T00:00:00Z,2023-02-25T13:34:00Z,1,SAMEA112368569,ROS.gDNA.SID07212,Canis lupus familiaris,male,ERP144336,familiaris,ROS.gDNA.SID07212,saliva
ERR10821868,WGS,300,2584817400,PRJEB59274,SAMEA112368570,Labrador Retriever,859064797,"ROSLIN INSTITUTE, UNIVERSITY OF EDINBURGH",dog,public,"fastq,sra,run.zq","gs,ncbi,s3","s3.us-east-1,ncbi.public,gs.us-east1",2023-02-23,2023-02-23,2023-02-23,2023-02-23,ERX10267388,SAMEA112368570,"ROSLIN INSTITUTE\, UNIVERSITY OF EDINBURGH","ROSLIN INSTITUTE\, UNIVERSITY OF EDINBURGH",2023-02-23T20:36:08Z,2023-02-23T20:36:08Z,public,Illumina NovaSeq 6000,EDSW200020865-1a,PAIRED,RANDOM,GENOMIC,Canis lupus familiaris,ILLUMINA,2023-02-25T00:00:00Z,2023-02-25T13:37:00Z,1,SAMEA112368570,ROS.gDNA.SID07213,Canis lupus familiaris,male,ERP144336,familiaris,ROS.gDNA.SID07213,saliva
ERR10821869,WGS,300,2593881900,PRJEB59274,SAMEA112368571,Labrador Retriever,866223499,"ROSLIN INSTITUTE, UNIVERSITY OF EDINBURGH",dog,public,"run.zq,fastq,sra","ncbi,s3,gs","s3.us-east-1,gs.us-east1,ncbi.public",2023-02-23,2023-02-23,2023-02-23,2023-02-23,ERX10267389,SAMEA112368571,"ROSLIN INSTITUTE\, UNIVERSITY OF EDINBURGH","ROSLIN INSTITUTE\, UNIVERSITY OF EDINBURGH",2023-02-23T20:36:08Z,2023-02-23T20:36:08Z,public,Illumina NovaSeq 6000,EDSW200020867-1a,PAIRED,RANDOM,GENOMIC,Canis lupus familiaris,ILLUMINA,2023-02-25T00:00:00Z,2023-02-25T13:37:00Z,1,SAMEA112368571,ROS.gDNA.SID07215,Canis lupus familiaris,female,ERP144336,familiaris,ROS.gDNA.SID07215,saliva
ERR10821870,WGS,300,17003114100,PRJEB59274,SAMEA112368592,Labrador Retriever,5629620997,"ROSLIN INSTITUTE, UNIVERSITY OF EDINBURGH",dog,public,"fastq,run.zq,sra","gs,ncbi,s3","ncbi.public,gs.us-east1,s3.us-east-1",2023-02-23,2023-02-23,2023-02-23,2023-02-23,ERX10267390,SAMEA112368592,"ROSLIN INSTITUTE\, UNIVERSITY OF EDINBURGH","ROSLIN INSTITUTE\, UNIVERSITY OF EDINBURGH",2023-02-23T20:36:08Z,2023-02-23T20:36:08Z,public,Illumina NovaSeq 6000,EDSW210000959-1a,PAIRED,RANDOM,GENOMIC,Canis lupus familiaris,ILLUMINA,2023-02-25T00:00:00Z,2023-02-25T14:10:00Z,1,SAMEA112368592,ROS.gDNA.SID07241,Canis lupus familiaris,male,ERP144336,familiaris,ROS.gDNA.SID07241,saliva
ERR10821871,WGS,300,11162789400,PRJEB59274,SAMEA112368593,Labrador Retriever,3880038639,"ROSLIN INSTITUTE, UNIVERSITY OF EDINBURGH",dog,public,"sra,fastq,run.zq","s3,gs,ncbi","gs.us-east1,ncbi.public,s3.us-east-1",2023-02-23,2023-02-23,2023-02-23,2023-02-23,ERX10267391,SAMEA112368593,"ROSLIN INSTITUTE\, UNIVERSITY OF EDINBURGH","ROSLIN INSTITUTE\, UNIVERSITY OF EDINBURGH",2023-02-23T20:36:08Z,2023-02-23T20:36:08Z,public,Illumina NovaSeq 6000,EDSW210000960-1a,PAIRED,RANDOM,GENOMIC,Canis lupus familiaris,ILLUMINA,2023-02-25T00:00:00Z,2023-02-25T13:49:00Z,1,SAMEA112368593,ROS.gDNA.SID07242,Canis lupus familiaris,female,ERP144336,familiaris,ROS.gDNA.SID07242,saliva
ERR10821872,WGS,300,13185082200,PRJEB59274,SAMEA112368594,Labrador Retriever,4417336545,"ROSLIN INSTITUTE, UNIVERSITY OF EDINBURGH",dog,public,"fastq,sra,run.zq","ncbi,s3,gs","gs.us-east1,s3.us-east-1,ncbi.public",2023-02-23,2023-02-23,2023-02-23,2023-02-23,ERX10267392,SAMEA112368594,"ROSLIN INSTITUTE\, UNIVERSITY OF EDINBURGH","ROSLIN INSTITUTE\, UNIVERSITY OF EDINBURGH",2023-02-23T20:36:08Z,2023-02-23T20:36:08Z,public,Illumina NovaSeq 6000,EDSW210000961-1a,PAIRED,RANDOM,GENOMIC,Canis lupus familiaris,ILLUMINA,2023-02-25T00:00:00Z,2023-02-25T14:00:00Z,1,SAMEA112368594,ROS.gDNA.SID07243,Canis lupus familiaris,female,ERP144336,familiaris,ROS.gDNA.SID07243,saliva
ERR10821873,WGS,300,12979533600,PRJEB59274,SAMEA112368595,Labrador Retriever,4330809210,"ROSLIN INSTITUTE, UNIVERSITY OF EDINBURGH",dog,public,"fastq,run.zq,sra","s3,ncbi,gs","gs.us-east1,s3.us-east-1,ncbi.public",2023-02-23,2023-02-23,2023-02-23,2023-02-23,ERX10267393,SAMEA112368595,"ROSLIN INSTITUTE\, UNIVERSITY OF EDINBURGH","ROSLIN INSTITUTE\, UNIVERSITY OF EDINBURGH",2023-02-23T20:36:08Z,2023-02-23T20:36:08Z,public,Illumina NovaSeq 6000,EDSW210000962-1a,PAIRED,RANDOM,GENOMIC,Canis lupus familiaris,ILLUMINA,2023-02-25T00:00:00Z,2023-02-25T13:55:00Z,1,SAMEA112368595,ROS.gDNA.SID07244,Canis lupus familiaris,male,ERP144336,familiaris,ROS.gDNA.SID07244,saliva
ERR10821874,WGS,300,13678271400,PRJEB59274,SAMEA112368596,Labrador Retriever,4625893677,"ROSLIN INSTITUTE, UNIVERSITY OF EDINBURGH",dog,public,"fastq,run.zq,sra","gs,ncbi,s3","gs.us-east1,s3.us-east-1,ncbi.public",2023-02-23,2023-02-23,2023-02-23,2023-02-23,ERX10267394,SAMEA112368596,"ROSLIN INSTITUTE\, UNIVERSITY OF EDINBURGH","ROSLIN INSTITUTE\, UNIVERSITY OF EDINBURGH",2023-02-23T20:36:08Z,2023-02-23T20:36:08Z,public,Illumina NovaSeq 6000,EDSW210000963-1a,PAIRED,RANDOM,GENOMIC,Canis lupus familiaris,ILLUMINA,2023-02-25T00:00:00Z,2023-02-25T14:01:00Z,1,SAMEA112368596,ROS.gDNA.SID07245,Canis lupus familiaris,female,ERP144336,familiaris,ROS.gDNA.SID07245,saliva
ERR10821875,WGS,300,13665729300,PRJEB59274,SAMEA112368568,Labrador Retriever,4632281750,"ROSLIN INSTITUTE, UNIVERSITY OF EDINBURGH",dog,public,"sra,run.zq,fastq","s3,gs,ncbi","s3.us-east-1,ncbi.public,gs.us-east1",2023-02-23,2023-02-23,2023-02-23,2023-02-23,ERX10267395,SAMEA112368568,"ROSLIN INSTITUTE\, UNIVERSITY OF EDINBURGH","ROSLIN INSTITUTE\, UNIVERSITY OF EDINBURGH",2023-02-23T20:36:08Z,2023-02-23T20:36:08Z,public,Illumina NovaSeq 6000,EDSW200020863-1a,PAIRED,RANDOM,GENOMIC,Canis lupus familiaris,ILLUMINA,2023-02-25T00:00:00Z,2023-02-25T14:01:00Z,1,SAMEA112368568,ROS.gDNA.SID07211,Canis lupus familiaris,female,ERP144336,familiaris,ROS.gDNA.SID07211,saliva
ERR10821876,WGS,300,15630902700,PRJEB59274,SAMEA112368586,Labrador Retriever,5345300982,"ROSLIN INSTITUTE, UNIVERSITY OF EDINBURGH",dog,public,"run.zq,sra,fastq","ncbi,s3,gs","s3.us-east-1,ncbi.public,gs.us-east1",2023-02-23,2023-02-23,2023-02-23,2023-02-23,ERX10267396,SAMEA112368586,"ROSLIN INSTITUTE\, UNIVERSITY OF EDINBURGH","ROSLIN INSTITUTE\, UNIVERSITY OF EDINBURGH",2023-02-23T20:36:08Z,2023-02-23T20:36:08Z,public,Illumina NovaSeq 6000,EDSW200020883-1a,PAIRED,RANDOM,GENOMIC,Canis lupus familiaris,ILLUMINA,2023-02-25T00:00:00Z,2023-02-25T14:06:00Z,1,SAMEA112368586,ROS.gDNA.SID07235,Canis lupus familiaris,male,ERP144336,familiaris,ROS.gDNA.SID07235,saliva
ERR10821877,WGS,300,13205532600,PRJEB59274,SAMEA112368587,Labrador Retriever,4508208886,"ROSLIN INSTITUTE, UNIVERSITY OF EDINBURGH",dog,public,"sra,run.zq,fastq","gs,s3,ncbi","ncbi.public,gs.us-east1,s3.us-east-1",2023-02-23,2023-02-23,2023-02-23,2023-02-23,ERX10267397,SAMEA112368587,"ROSLIN INSTITUTE\, UNIVERSITY OF EDINBURGH","ROSLIN INSTITUTE\, UNIVERSITY OF EDINBURGH",2023-02-23T20:36:08Z,2023-02-23T20:36:08Z,public,Illumina NovaSeq 6000,EDSW200020884-1a,PAIRED,RANDOM,GENOMIC,Canis lupus familiaris,ILLUMINA,2023-02-25T00:00:00Z,2023-02-25T14:08:00Z,1,SAMEA112368587,ROS.gDNA.SID07236,Canis lupus familiaris,male,ERP144336,familiaris,ROS.gDNA.SID07236,saliva
ERR10821878,WGS,300,17414929800,PRJEB59274,SAMEA112368588,Labrador Retriever,5891849844,"ROSLIN INSTITUTE, UNIVERSITY OF EDINBURGH",dog,public,"sra,fastq,run.zq","ncbi,s3,gs","ncbi.public,s3.us-east-1,gs.us-east1",2023-02-23,2023-02-23,2023-02-23,2023-02-23,ERX10267398,SAMEA112368588,"ROSLIN INSTITUTE\, UNIVERSITY OF EDINBURGH","ROSLIN INSTITUTE\, UNIVERSITY OF EDINBURGH",2023-02-23T20:36:08Z,2023-02-23T20:36:08Z,public,Illumina NovaSeq 6000,EDSW200020885-1a,PAIRED,RANDOM,GENOMIC,Canis lupus familiaris,ILLUMINA,2023-02-25T00:00:00Z,2023-02-25T14:12:00Z,1,SAMEA112368588,ROS.gDNA.SID07237,Canis lupus familiaris,female,ERP144336,familiaris,ROS.gDNA.SID07237,saliva
ERR10821879,WGS,300,18009032100,PRJEB59274,SAMEA112368589,Labrador Retriever,6042456979,"ROSLIN INSTITUTE, UNIVERSITY OF EDINBURGH",dog,public,"fastq,sra,run.zq","s3,gs,ncbi","gs.us-east1,ncbi.public,s3.us-east-1",2023-02-23,2023-02-23,2023-02-23,2023-02-23,ERX10267399,SAMEA112368589,"ROSLIN INSTITUTE\, UNIVERSITY OF EDINBURGH","ROSLIN INSTITUTE\, UNIVERSITY OF EDINBURGH",2023-02-23T20:36:08Z,2023-02-23T20:36:08Z,public,Illumina NovaSeq 6000,EDSW200020886-1a,PAIRED,RANDOM,GENOMIC,Canis lupus familiaris,ILLUMINA,2023-02-25T00:00:00Z,2023-02-25T14:17:00Z,1,SAMEA112368589,ROS.gDNA.SID07238,Canis lupus familiaris,male,ERP144336,familiaris,ROS.gDNA.SID07238,saliva
ERR10821880,WGS,300,10512161100,PRJEB59274,SAMEA112368569,Labrador Retriever,3490478288,"ROSLIN INSTITUTE, UNIVERSITY OF EDINBURGH",dog,public,"fastq,run.zq,sra","s3,ncbi,gs","s3.us-east-1,gs.us-east1,ncbi.public",2023-02-23,2023-02-23,2023-02-23,2023-02-23,ERX10267400,SAMEA112368569,"ROSLIN INSTITUTE\, UNIVERSITY OF EDINBURGH","ROSLIN INSTITUTE\, UNIVERSITY OF EDINBURGH",2023-02-23T20:36:08Z,2023-02-23T20:36:08Z,public,Illumina NovaSeq 6000,EDSW200020864-1a,PAIRED,RANDOM,GENOMIC,Canis lupus familiaris,ILLUMINA,2023-02-25T00:00:00Z,2023-02-25T14:04:00Z,1,SAMEA112368569,ROS.gDNA.SID07212,Canis lupus familiaris,male,ERP144336,familiaris,ROS.gDNA.SID07212,saliva
ERR10821881,WGS,300,13605828600,PRJEB59274,SAMEA112368570,Labrador Retriever,4541934572,"ROSLIN INSTITUTE, UNIVERSITY OF EDINBURGH",dog,public,"sra,run.zq,fastq","ncbi,gs,s3","s3.us-east-1,gs.us-east1,ncbi.public",2023-02-23,2023-02-23,2023-02-23,2023-02-23,ERX10267401,SAMEA112368570,"ROSLIN INSTITUTE\, UNIVERSITY OF EDINBURGH","ROSLIN INSTITUTE\, UNIVERSITY OF EDINBURGH",2023-02-23T20:36:08Z,2023-02-23T20:36:08Z,public,Illumina NovaSeq 6000,EDSW200020865-1a,PAIRED,RANDOM,GENOMIC,Canis lupus familiaris,ILLUMINA,2023-02-25T00:00:00Z,2023-02-25T14:11:00Z,1,SAMEA112368570,ROS.gDNA.SID07213,Canis lupus familiaris,male,ERP144336,familiaris,ROS.gDNA.SID07213,saliva
ERR10821882,WGS,300,12644283300,PRJEB59274,SAMEA112368571,Labrador Retriever,4212842001,"ROSLIN INSTITUTE, UNIVERSITY OF EDINBURGH",dog,public,"sra,fastq,run.zq","ncbi,gs,s3","ncbi.public,s3.us-east-1,gs.us-east1",2023-02-23,2023-02-23,2023-02-23,2023-02-23,ERX10267402,SAMEA112368571,"ROSLIN INSTITUTE\, UNIVERSITY OF EDINBURGH","ROSLIN INSTITUTE\, UNIVERSITY OF EDINBURGH",2023-02-23T20:36:08Z,2023-02-23T20:36:08Z,public,Illumina NovaSeq 6000,EDSW200020867-1a,PAIRED,RANDOM,GENOMIC,Canis lupus familiaris,ILLUMINA,2023-02-25T00:00:00Z,2023-02-25T14:01:00Z,1,SAMEA112368571,ROS.gDNA.SID07215,Canis lupus familiaris,female,ERP144336,familiaris,ROS.gDNA.SID07215,saliva
ERR10821883,WGS,300,11739300600,PRJEB59274,SAMEA112368572,Labrador Retriever,3908717254,"ROSLIN INSTITUTE, UNIVERSITY OF EDINBURGH",dog,public,"sra,fastq,run.zq","gs,ncbi,s3","gs.us-east1,ncbi.public,s3.us-east-1",2023-02-23,2023-02-23,2023-02-23,2023-02-23,ERX10267403,SAMEA112368572,"ROSLIN INSTITUTE\, UNIVERSITY OF EDINBURGH","ROSLIN INSTITUTE\, UNIVERSITY OF EDINBURGH",2023-02-23T20:36:08Z,2023-02-23T20:36:08Z,public,Illumina NovaSeq 6000,EDSW200020868-1a,PAIRED,RANDOM,GENOMIC,Canis lupus familiaris,ILLUMINA,2023-02-25T00:00:00Z,2023-02-25T14:02:00Z,1,SAMEA112368572,ROS.gDNA.SID07216,Canis lupus familiaris,male,ERP144336,familiaris,ROS.gDNA.SID07216,saliva
ERR10821884,WGS,300,13342842900,PRJEB59274,SAMEA112368573,Labrador Retriever,4416647799,"ROSLIN INSTITUTE, UNIVERSITY OF EDINBURGH",dog,public,"run.zq,fastq,sra","ncbi,gs,s3","ncbi.public,s3.us-east-1,gs.us-east1",2023-02-23,2023-02-23,2023-02-23,2023-02-23,ERX10267404,SAMEA112368573,"ROSLIN INSTITUTE\, UNIVERSITY OF EDINBURGH","ROSLIN INSTITUTE\, UNIVERSITY OF EDINBURGH",2023-02-23T20:36:08Z,2023-02-23T20:36:08Z,public,Illumina NovaSeq 6000,EDSW200020869-1a,PAIRED,RANDOM,GENOMIC,Canis lupus familiaris,ILLUMINA,2023-02-25T00:00:00Z,2023-02-25T14:07:00Z,1,SAMEA112368573,ROS.gDNA.SID07217,Canis lupus familiaris,male,ERP144336,familiaris,ROS.gDNA.SID07217,saliva
ERR10821885,WGS,300,17170441800,PRJEB59274,SAMEA112368574,Labrador Retriever,5775738091,"ROSLIN INSTITUTE, UNIVERSITY OF EDINBURGH",dog,public,"sra,run.zq,fastq","gs,s3,ncbi","s3.us-east-1,ncbi.public,gs.us-east1",2023-02-23,2023-02-23,2023-02-23,2023-02-23,ERX10267405,SAMEA112368574,"ROSLIN INSTITUTE\, UNIVERSITY OF EDINBURGH","ROSLIN INSTITUTE\, UNIVERSITY OF EDINBURGH",2023-02-23T20:36:08Z,2023-02-23T20:36:08Z,public,Illumina NovaSeq 6000,EDSW200020870-1a,PAIRED,RANDOM,GENOMIC,Canis lupus familiaris,ILLUMINA,2023-02-25T00:00:00Z,2023-02-25T14:17:00Z,1,SAMEA112368574,ROS.gDNA.SID07219,Canis lupus familiaris,male,ERP144336,familiaris,ROS.gDNA.SID07219,saliva
ERR10821886,WGS,300,13564171800,PRJEB59274,SAMEA112368575,Labrador Retriever,4470162845,"ROSLIN INSTITUTE, UNIVERSITY OF EDINBURGH",dog,public,"fastq,sra,run.zq","gs,s3,ncbi","s3.us-east-1,gs.us-east1,ncbi.public",2023-02-23,2023-02-23,2023-02-23,2023-02-23,ERX10267406,SAMEA112368575,"ROSLIN INSTITUTE\, UNIVERSITY OF EDINBURGH","ROSLIN INSTITUTE\, UNIVERSITY OF EDINBURGH",2023-02-23T20:36:08Z,2023-02-23T20:36:08Z,public,Illumina NovaSeq 6000,EDSW200020871-1a,PAIRED,RANDOM,GENOMIC,Canis lupus familiaris,ILLUMINA,2023-02-25T00:00:00Z,2023-02-25T14:12:00Z,1,SAMEA112368575,ROS.gDNA.SID07222,Canis lupus familiaris,female,ERP144336,familiaris,ROS.gDNA.SID07222,saliva
ERR10821887,WGS,300,15846011700,PRJEB59274,SAMEA112368576,Labrador Retriever,5264669037,"ROSLIN INSTITUTE, UNIVERSITY OF EDINBURGH",dog,public,"sra,run.zq,fastq","s3,ncbi,gs","gs.us-east1,s3.us-east-1,ncbi.public",2023-02-23,2023-02-23,2023-02-23,2023-02-23,ERX10267407,SAMEA112368576,"ROSLIN INSTITUTE\, UNIVERSITY OF EDINBURGH","ROSLIN INSTITUTE\, UNIVERSITY OF EDINBURGH",2023-02-23T20:36:08Z,2023-02-23T20:36:08Z,public,Illumina NovaSeq 6000,EDSW200020872-1a,PAIRED,RANDOM,GENOMIC,Canis lupus familiaris,ILLUMINA,2023-02-25T00:00:00Z,2023-02-25T14:12:00Z,1,SAMEA112368576,ROS.gDNA.SID07224,Canis lupus familiaris,female,ERP144336,familiaris,ROS.gDNA.SID07224,saliva
ERR10821888,WGS,300,10916555100,PRJEB59274,SAMEA112368577,Labrador Retriever,3636165855,"ROSLIN INSTITUTE, UNIVERSITY OF EDINBURGH",dog,public,"run.zq,sra,fastq","s3,gs,ncbi","s3.us-east-1,gs.us-east1,ncbi.public",2023-02-23,2023-02-23,2023-02-23,2023-02-23,ERX10267408,SAMEA112368577,"ROSLIN INSTITUTE\, UNIVERSITY OF EDINBURGH","ROSLIN INSTITUTE\, UNIVERSITY OF EDINBURGH",2023-02-23T20:36:08Z,2023-02-23T20:36:08Z,public,Illumina NovaSeq 6000,EDSW200020873-1a,PAIRED,RANDOM,GENOMIC,Canis lupus familiaris,ILLUMINA,2023-02-25T00:00:00Z,2023-02-25T14:03:00Z,1,SAMEA112368577,ROS.gDNA.SID07225,Canis lupus familiaris,female,ERP144336,familiaris,ROS.gDNA.SID07225,saliva
ERR10821889,WGS,300,13283121000,PRJEB59274,SAMEA112368578,Labrador Retriever,4505967863,"ROSLIN INSTITUTE, UNIVERSITY OF EDINBURGH",dog,public,"run.zq,sra,fastq","gs,ncbi,s3","gs.us-east1,s3.us-east-1,ncbi.public",2023-02-23,2023-02-23,2023-02-23,2023-02-23,ERX10267409,SAMEA112368578,"ROSLIN INSTITUTE\, UNIVERSITY OF EDINBURGH","ROSLIN INSTITUTE\, UNIVERSITY OF EDINBURGH",2023-02-23T20:36:08Z,2023-02-23T20:36:08Z,public,Illumina NovaSeq 6000,EDSW200020874-1a,PAIRED,RANDOM,GENOMIC,Canis lupus familiaris,ILLUMINA,2023-02-25T00:00:00Z,2023-02-25T14:02:00Z,1,SAMEA112368578,ROS.gDNA.SID07226,Canis lupus familiaris,male,ERP144336,familiaris,ROS.gDNA.SID07226,saliva
ERR10821890,WGS,300,12260101800,PRJEB59274,SAMEA112368579,Labrador Retriever,4168725886,"ROSLIN INSTITUTE, UNIVERSITY OF EDINBURGH",dog,public,"sra,run.zq,fastq","ncbi,gs,s3","gs.us-east1,ncbi.public,s3.us-east-1",2023-02-23,2023-02-23,2023-02-23,2023-02-23,ERX10267410,SAMEA112368579,"ROSLIN INSTITUTE\, UNIVERSITY OF EDINBURGH","ROSLIN INSTITUTE\, UNIVERSITY OF EDINBURGH",2023-02-23T20:36:08Z,2023-02-23T20:36:08Z,public,Illumina NovaSeq 6000,EDSW200020875-1a,PAIRED,RANDOM,GENOMIC,Canis lupus familiaris,ILLUMINA,2023-02-25T00:00:00Z,2023-02-25T14:04:00Z,1,SAMEA112368579,ROS.gDNA.SID07227,Canis lupus familiaris,female,ERP144336,familiaris,ROS.gDNA.SID07227,saliva
ERR10821891,WGS,300,11159586000,PRJEB59274,SAMEA112368580,Labrador Retriever,3811076637,"ROSLIN INSTITUTE, UNIVERSITY OF EDINBURGH",dog,public,"sra,fastq,run.zq","ncbi,gs,s3","s3.us-east-1,gs.us-east1,ncbi.public",2023-02-23,2023-02-23,2023-02-23,2023-02-23,ERX10267411,SAMEA112368580,"ROSLIN INSTITUTE\, UNIVERSITY OF EDINBURGH","ROSLIN INSTITUTE\, UNIVERSITY OF EDINBURGH",2023-02-23T20:36:08Z,2023-02-23T20:36:08Z,public,Illumina NovaSeq 6000,EDSW200020877-1a,PAIRED,RANDOM,GENOMIC,Canis lupus familiaris,ILLUMINA,2023-02-25T00:00:00Z,2023-02-25T15:09:00Z,1,SAMEA112368580,ROS.gDNA.SID07229,Canis lupus familiaris,male,ERP144336,familiaris,ROS.gDNA.SID07229,saliva
ERR10821892,WGS,300,10618273500,PRJEB59274,SAMEA112368581,Labrador Retriever,3606864883,"ROSLIN INSTITUTE, UNIVERSITY OF EDINBURGH",dog,public,"sra,run.zq,fastq","gs,ncbi,s3","s3.us-east-1,gs.us-east1,ncbi.public",2023-02-23,2023-02-23,2023-02-23,2023-02-23,ERX10267412,SAMEA112368581,"ROSLIN INSTITUTE\, UNIVERSITY OF EDINBURGH","ROSLIN INSTITUTE\, UNIVERSITY OF EDINBURGH",2023-02-23T20:36:08Z,2023-02-23T20:36:08Z,public,Illumina NovaSeq 6000,EDSW200020878-1a,PAIRED,RANDOM,GENOMIC,Canis lupus familiaris,ILLUMINA,2023-02-25T00:00:00Z,2023-02-25T15:06:00Z,1,SAMEA112368581,ROS.gDNA.SID07230,Canis lupus familiaris,male,ERP144336,familiaris,ROS.gDNA.SID07230,saliva
ERR10821893,WGS,300,13471140900,PRJEB59274,SAMEA112368582,Labrador Retriever,4596042383,"ROSLIN INSTITUTE, UNIVERSITY OF EDINBURGH",dog,public,"run.zq,sra,fastq","s3,gs,ncbi","gs.us-east1,s3.us-east-1,ncbi.public",2023-02-23,2023-02-23,2023-02-23,2023-02-23,ERX10267413,SAMEA112368582,"ROSLIN INSTITUTE\, UNIVERSITY OF EDINBURGH","ROSLIN INSTITUTE\, UNIVERSITY OF EDINBURGH",2023-02-23T20:36:08Z,2023-02-23T20:36:08Z,public,Illumina NovaSeq 6000,EDSW200020879-1a,PAIRED,RANDOM,GENOMIC,Canis lupus familiaris,ILLUMINA,2023-02-25T00:00:00Z,2023-02-25T15:14:00Z,1,SAMEA112368582,ROS.gDNA.SID07231,Canis lupus familiaris,male,ERP144336,familiaris,ROS.gDNA.SID07231,saliva
ERR10821894,WGS,300,13532562000,PRJEB59274,SAMEA112368583,Labrador Retriever,4453395294,"ROSLIN INSTITUTE, UNIVERSITY OF EDINBURGH",dog,public,"run.zq,sra,fastq","s3,ncbi,gs","s3.us-east-1,gs.us-east1,ncbi.public",2023-02-23,2023-02-23,2023-02-23,2023-02-23,ERX10267414,SAMEA112368583,"ROSLIN INSTITUTE\, UNIVERSITY OF EDINBURGH","ROSLIN INSTITUTE\, UNIVERSITY OF EDINBURGH",2023-02-23T20:36:08Z,2023-02-23T20:36:08Z,public,Illumina NovaSeq 6000,EDSW200020880-1a,PAIRED,RANDOM,GENOMIC,Canis lupus familiaris,ILLUMINA,2023-02-25T00:00:00Z,2023-02-25T14:10:00Z,1,SAMEA112368583,ROS.gDNA.SID07232,Canis lupus familiaris,female,ERP144336,familiaris,ROS.gDNA.SID07232,saliva
ERR10821895,WGS,300,12649328100,PRJEB59274,SAMEA112368584,Labrador Retriever,4218172627,"ROSLIN INSTITUTE, UNIVERSITY OF EDINBURGH",dog,public,"run.zq,sra,fastq","ncbi,s3,gs","gs.us-east1,ncbi.public,s3.us-east-1",2023-02-23,2023-02-23,2023-02-23,2023-02-23,ERX10267415,SAMEA112368584,"ROSLIN INSTITUTE\, UNIVERSITY OF EDINBURGH","ROSLIN INSTITUTE\, UNIVERSITY OF EDINBURGH",2023-02-23T20:36:08Z,2023-02-23T20:36:08Z,public,Illumina NovaSeq 6000,EDSW200020881-1a,PAIRED,RANDOM,GENOMIC,Canis lupus familiaris,ILLUMINA,2023-02-25T00:00:00Z,2023-02-25T15:17:00Z,1,SAMEA112368584,ROS.gDNA.SID07233,Canis lupus familiaris,male,ERP144336,familiaris,ROS.gDNA.SID07233,saliva
ERR10821896,WGS,300,15094161000,PRJEB59274,SAMEA112368585,Labrador Retriever,5126336336,"ROSLIN INSTITUTE, UNIVERSITY OF EDINBURGH",dog,public,"run.zq,sra,fastq","ncbi,s3,gs","ncbi.public,s3.us-east-1,gs.us-east1",2023-02-23,2023-02-23,2023-02-23,2023-02-23,ERX10267416,SAMEA112368585,"ROSLIN INSTITUTE\, UNIVERSITY OF EDINBURGH","ROSLIN INSTITUTE\, UNIVERSITY OF EDINBURGH",2023-02-23T20:36:08Z,2023-02-23T20:36:08Z,public,Illumina NovaSeq 6000,EDSW200020882-1a,PAIRED,RANDOM,GENOMIC,Canis lupus familiaris,ILLUMINA,2023-02-25T00:00:00Z,2023-02-25T15:13:00Z,1,SAMEA112368585,ROS.gDNA.SID07234,Canis lupus familiaris,female,ERP144336,familiaris,ROS.gDNA.SID07234,saliva
ERR10821897,WGS,300,12802448400,PRJEB59274,SAMEA112368590,Labrador Retriever,4315242305,"ROSLIN INSTITUTE, UNIVERSITY OF EDINBURGH",dog,public,"run.zq,sra,fastq","ncbi,gs,s3","ncbi.public,s3.us-east-1,gs.us-east1",2023-02-23,2023-02-23,2023-02-23,2023-02-23,ERX10267417,SAMEA112368590,"ROSLIN INSTITUTE\, UNIVERSITY OF EDINBURGH","ROSLIN INSTITUTE\, UNIVERSITY OF EDINBURGH",2023-02-23T20:36:08Z,2023-02-23T20:36:08Z,public,Illumina NovaSeq 6000,EDSW210000957-1a,PAIRED,RANDOM,GENOMIC,Canis lupus familiaris,ILLUMINA,2023-02-25T00:00:00Z,2023-02-25T15:03:00Z,1,SAMEA112368590,ROS.gDNA.SID07239,Canis lupus familiaris,female,ERP144336,familiaris,ROS.gDNA.SID07239,saliva
ERR10821898,WGS,300,11424245700,PRJEB59274,SAMEA112368597,Labrador Retriever,3821594345,"ROSLIN INSTITUTE, UNIVERSITY OF EDINBURGH",dog,public,"fastq,run.zq,sra","s3,gs,ncbi","s3.us-east-1,gs.us-east1,ncbi.public",2023-02-23,2023-02-23,2023-02-23,2023-02-23,ERX10267418,SAMEA112368597,"ROSLIN INSTITUTE\, UNIVERSITY OF EDINBURGH","ROSLIN INSTITUTE\, UNIVERSITY OF EDINBURGH",2023-02-23T20:36:08Z,2023-02-23T20:36:08Z,public,Illumina NovaSeq 6000,EDSW210000964-1a,PAIRED,RANDOM,GENOMIC,Canis lupus familiaris,ILLUMINA,2023-02-25T00:00:00Z,2023-02-25T15:09:00Z,1,SAMEA112368597,ROS.gDNA.SID07246,Canis lupus familiaris,male,ERP144336,familiaris,ROS.gDNA.SID07246,saliva
ERR10821899,WGS,300,13072045200,PRJEB59274,SAMEA112368591,Labrador Retriever,4353335365,"ROSLIN INSTITUTE, UNIVERSITY OF EDINBURGH",dog,public,"sra,fastq,run.zq","gs,s3,ncbi","ncbi.public,s3.us-east-1,gs.us-east1",2023-02-23,2023-02-23,2023-02-23,2023-02-23,ERX10267419,SAMEA112368591,"ROSLIN INSTITUTE\, UNIVERSITY OF EDINBURGH","ROSLIN INSTITUTE\, UNIVERSITY OF EDINBURGH",2023-02-23T20:36:08Z,2023-02-23T20:36:08Z,public,Illumina NovaSeq 6000,EDSW210000958-1a,PAIRED,RANDOM,GENOMIC,Canis lupus familiaris,ILLUMINA,2023-02-25T00:00:00Z,2023-02-25T15:13:00Z,1,SAMEA112368591,ROS.gDNA.SID07240,Canis lupus familiaris,male,ERP144336,familiaris,ROS.gDNA.SID07240,saliva
